URL;Season;Match_ID;Home;Away;Attendance
https://ligue1.com/fr/match-sheet/l1_championship_match_71637/infos;2023_2024;71637;Brest;Lens;15085
https://ligue1.com/fr/match-sheet/l1_championship_match_71638/infos;2023_2024;71638;Clermont;Monaco;10450
https://ligue1.com/fr/match-sheet/l1_championship_match_71639/infos;2023_2024;71639;Marseille;Reims;63787
https://ligue1.com/fr/match-sheet/l1_championship_match_71640/infos;2023_2024;71640;Montpellier;Le Havre;15852
https://ligue1.com/fr/match-sheet/l1_championship_match_71641/infos;2023_2024;71641;Nantes;Toulouse;30578
https://ligue1.com/fr/match-sheet/l1_championship_match_71642/infos;2023_2024;71642;Nice;Lille;29436
https://ligue1.com/fr/match-sheet/l1_championship_match_71643/infos;2023_2024;71643;Paris SG;Lorient;47579
https://ligue1.com/fr/match-sheet/l1_championship_match_71644/infos;2023_2024;71644;Rennes;Metz;26065
https://ligue1.com/fr/match-sheet/l1_championship_match_71645/infos;2023_2024;71645;Strasbourg;Lyon;25410
https://ligue1.com/fr/match-sheet/l1_championship_match_71646/infos;2023_2024;71646;Le Havre;Brest;19575
https://ligue1.com/fr/match-sheet/l1_championship_match_71647/infos;2023_2024;71647;Lens;Rennes;37233
https://ligue1.com/fr/match-sheet/l1_championship_match_71648/infos;2023_2024;71648;Lille;Nantes;34536
https://ligue1.com/fr/match-sheet/l1_championship_match_71649/infos;2023_2024;71649;Lorient;Nice;15848
https://ligue1.com/fr/match-sheet/l1_championship_match_71650/infos;2023_2024;71650;Lyon;Montpellier;42576
https://ligue1.com/fr/match-sheet/l1_championship_match_71651/infos;2023_2024;71651;Metz;Marseille;26661
https://ligue1.com/fr/match-sheet/l1_championship_match_71652/infos;2023_2024;71652;Monaco;Strasbourg;10072
https://ligue1.com/fr/match-sheet/l1_championship_match_71653/infos;2023_2024;71653;Reims;Clermont;12887
https://ligue1.com/fr/match-sheet/l1_championship_match_71654/infos;2023_2024;71654;Toulouse;Paris SG;27332
https://ligue1.com/fr/match-sheet/l1_championship_match_71655/infos;2023_2024;71655;Clermont;Metz;9146
https://ligue1.com/fr/match-sheet/l1_championship_match_71656/infos;2023_2024;71656;Lorient;Lille;15101
https://ligue1.com/fr/match-sheet/l1_championship_match_71657/infos;2023_2024;71657;Marseille;Brest;63592
https://ligue1.com/fr/match-sheet/l1_championship_match_71658/infos;2023_2024;71658;Montpellier;Reims;14476
https://ligue1.com/fr/match-sheet/l1_championship_match_71659/infos;2023_2024;71659;Nantes;Monaco;28429
https://ligue1.com/fr/match-sheet/l1_championship_match_71660/infos;2023_2024;71660;Nice;Lyon;28033
https://ligue1.com/fr/match-sheet/l1_championship_match_71661/infos;2023_2024;71661;Paris SG;Lens;47864
https://ligue1.com/fr/match-sheet/l1_championship_match_71662/infos;2023_2024;71662;Rennes;Le Havre;28311
https://ligue1.com/fr/match-sheet/l1_championship_match_71663/infos;2023_2024;71663;Strasbourg;Toulouse;25090
https://ligue1.com/fr/match-sheet/l1_championship_match_71664/infos;2023_2024;71664;Brest;Rennes;15021
https://ligue1.com/fr/match-sheet/l1_championship_match_71665/infos;2023_2024;71665;Le Havre;Lorient;18707
https://ligue1.com/fr/match-sheet/l1_championship_match_71666/infos;2023_2024;71666;Lille;Montpellier;35298
https://ligue1.com/fr/match-sheet/l1_championship_match_71667/infos;2023_2024;71667;Lyon;Paris SG;51657
https://ligue1.com/fr/match-sheet/l1_championship_match_71668/infos;2023_2024;71668;Metz;Reims;24272
https://ligue1.com/fr/match-sheet/l1_championship_match_71669/infos;2023_2024;71669;Monaco;Lens;9402
https://ligue1.com/fr/match-sheet/l1_championship_match_71670/infos;2023_2024;71670;Nantes;Marseille;34600
https://ligue1.com/fr/match-sheet/l1_championship_match_71671/infos;2023_2024;71671;Nice;Strasbourg;20215
https://ligue1.com/fr/match-sheet/l1_championship_match_71672/infos;2023_2024;71672;Toulouse;Clermont;28285
https://ligue1.com/fr/match-sheet/l1_championship_match_71673/infos;2023_2024;71673;Clermont;Nantes;9759
https://ligue1.com/fr/match-sheet/l1_championship_match_71674/infos;2023_2024;71674;Lens;Metz;37988
https://ligue1.com/fr/match-sheet/l1_championship_match_71675/infos;2023_2024;71675;Lorient;Monaco;15247
https://ligue1.com/fr/match-sheet/l1_championship_match_71676/infos;2023_2024;71676;Lyon;Le Havre;35507
https://ligue1.com/fr/match-sheet/l1_championship_match_71677/infos;2023_2024;71677;Marseille;Toulouse;63477
https://ligue1.com/fr/match-sheet/l1_championship_match_71678/infos;2023_2024;71678;Paris SG;Nice;47874
https://ligue1.com/fr/match-sheet/l1_championship_match_71679/infos;2023_2024;71679;Reims;Brest;12948
https://ligue1.com/fr/match-sheet/l1_championship_match_71680/infos;2023_2024;71680;Rennes;Lille;28178
https://ligue1.com/fr/match-sheet/l1_championship_match_71681/infos;2023_2024;71681;Strasbourg;Montpellier;25128
https://ligue1.com/fr/match-sheet/l1_championship_match_71682/infos;2023_2024;71682;Brest;Lyon;14636
https://ligue1.com/fr/match-sheet/l1_championship_match_71683/infos;2023_2024;71683;Le Havre;Clermont;18071
https://ligue1.com/fr/match-sheet/l1_championship_match_71684/infos;2023_2024;71684;Lens;Toulouse;37506
https://ligue1.com/fr/match-sheet/l1_championship_match_71685/infos;2023_2024;71685;Lille;Reims;33075
https://ligue1.com/fr/match-sheet/l1_championship_match_71686/infos;2023_2024;71686;Metz;Strasbourg;26661
https://ligue1.com/fr/match-sheet/l1_championship_match_71687/infos;2023_2024;71687;Monaco;Nice;10075
https://ligue1.com/fr/match-sheet/l1_championship_match_71688/infos;2023_2024;71688;Montpellier;Rennes;15430
https://ligue1.com/fr/match-sheet/l1_championship_match_71689/infos;2023_2024;71689;Nantes;Lorient;30704
https://ligue1.com/fr/match-sheet/l1_championship_match_71690/infos;2023_2024;71690;Paris SG;Marseille;47926
https://ligue1.com/fr/match-sheet/l1_championship_match_71691/infos;2023_2024;71691;Clermont;Paris SG;10586
https://ligue1.com/fr/match-sheet/l1_championship_match_71692/infos;2023_2024;71692;Le Havre;Lille;21919
https://ligue1.com/fr/match-sheet/l1_championship_match_71693/infos;2023_2024;71693;Lorient;Montpellier;13492
https://ligue1.com/fr/match-sheet/l1_championship_match_71694/infos;2023_2024;71694;Monaco;Marseille;9912
https://ligue1.com/fr/match-sheet/l1_championship_match_71695/infos;2023_2024;71695;Nice;Brest;32044
https://ligue1.com/fr/match-sheet/l1_championship_match_71696/infos;2023_2024;71696;Reims;Lyon;16477
https://ligue1.com/fr/match-sheet/l1_championship_match_71697/infos;2023_2024;71697;Rennes;Nantes;27316
https://ligue1.com/fr/match-sheet/l1_championship_match_71698/infos;2023_2024;71698;Strasbourg;Lens;26001
https://ligue1.com/fr/match-sheet/l1_championship_match_71699/infos;2023_2024;71699;Toulouse;Metz;24770
https://ligue1.com/fr/match-sheet/l1_championship_match_71700/infos;2023_2024;71700;Brest;Toulouse;14509
https://ligue1.com/fr/match-sheet/l1_championship_match_71701/infos;2023_2024;71701;Lens;Lille;37223
https://ligue1.com/fr/match-sheet/l1_championship_match_71702/infos;2023_2024;71702;Lyon;Lorient;43100
https://ligue1.com/fr/match-sheet/l1_championship_match_71703/infos;2023_2024;71703;Marseille;Le Havre;63576
https://ligue1.com/fr/match-sheet/l1_championship_match_71704/infos;2023_2024;71704;Metz;Nice;23160
https://ligue1.com/fr/match-sheet/l1_championship_match_71705/infos;2023_2024;71705;Montpellier;Clermont;12842
https://ligue1.com/fr/match-sheet/l1_championship_match_71706/infos;2023_2024;71706;Reims;Monaco;19000
https://ligue1.com/fr/match-sheet/l1_championship_match_71707/infos;2023_2024;71707;Rennes;Paris SG;27734
https://ligue1.com/fr/match-sheet/l1_championship_match_71708/infos;2023_2024;71708;Strasbourg;Nantes;25274
https://ligue1.com/fr/match-sheet/l1_championship_match_71709/infos;2023_2024;71709;Le Havre;Lens;23590
https://ligue1.com/fr/match-sheet/l1_championship_match_71710/infos;2023_2024;71710;Lille;Brest;34358
https://ligue1.com/fr/match-sheet/l1_championship_match_71711/infos;2023_2024;71711;Lorient;Rennes;16711
https://ligue1.com/fr/match-sheet/l1_championship_match_71712/infos;2023_2024;71712;Lyon;Clermont;43999
https://ligue1.com/fr/match-sheet/l1_championship_match_71713/infos;2023_2024;71713;Monaco;Metz;6197
https://ligue1.com/fr/match-sheet/l1_championship_match_71714/infos;2023_2024;71714;Nantes;Montpellier;26864
https://ligue1.com/fr/match-sheet/l1_championship_match_71715/infos;2023_2024;71715;Nice;Marseille;31423
https://ligue1.com/fr/match-sheet/l1_championship_match_71716/infos;2023_2024;71716;Paris SG;Strasbourg;41261
https://ligue1.com/fr/match-sheet/l1_championship_match_71717/infos;2023_2024;71717;Toulouse;Reims;23795
https://ligue1.com/fr/match-sheet/l1_championship_match_71718/infos;2023_2024;71718;Brest;Paris SG;15183
https://ligue1.com/fr/match-sheet/l1_championship_match_71719/infos;2023_2024;71719;Clermont;Nice;10140
https://ligue1.com/fr/match-sheet/l1_championship_match_71720/infos;2023_2024;71720;Lens;Nantes;38223
https://ligue1.com/fr/match-sheet/l1_championship_match_71721/infos;2023_2024;71721;Lille;Monaco;40046
https://ligue1.com/fr/match-sheet/l1_championship_match_71722/infos;2023_2024;71722;Marseille;Lyon;54238
https://ligue1.com/fr/match-sheet/l1_championship_match_71723/infos;2023_2024;71723;Metz;Le Havre;20718
https://ligue1.com/fr/match-sheet/l1_championship_match_71724/infos;2023_2024;71724;Montpellier;Toulouse;13209
https://ligue1.com/fr/match-sheet/l1_championship_match_71725/infos;2023_2024;71725;Reims;Lorient;14033
https://ligue1.com/fr/match-sheet/l1_championship_match_71726/infos;2023_2024;71726;Rennes;Strasbourg;28100
https://ligue1.com/fr/match-sheet/l1_championship_match_71727/infos;2023_2024;71727;Lorient;Lens;16599
https://ligue1.com/fr/match-sheet/l1_championship_match_71728/infos;2023_2024;71728;Lyon;Metz;42040
https://ligue1.com/fr/match-sheet/l1_championship_match_71729/infos;2023_2024;71729;Marseille;Lille;63674
https://ligue1.com/fr/match-sheet/l1_championship_match_71730/infos;2023_2024;71730;Monaco;Brest;9244
https://ligue1.com/fr/match-sheet/l1_championship_match_71731/infos;2023_2024;71731;Nantes;Reims;33621
https://ligue1.com/fr/match-sheet/l1_championship_match_71732/infos;2023_2024;71732;Nice;Rennes;22430
https://ligue1.com/fr/match-sheet/l1_championship_match_71733/infos;2023_2024;71733;Paris SG;Montpellier;47647
https://ligue1.com/fr/match-sheet/l1_championship_match_71734/infos;2023_2024;71734;Strasbourg;Clermont;25039
https://ligue1.com/fr/match-sheet/l1_championship_match_71735/infos;2023_2024;71735;Toulouse;Le Havre;23060
https://ligue1.com/fr/match-sheet/l1_championship_match_71736/infos;2023_2024;71736;Brest;Strasbourg;14569
https://ligue1.com/fr/match-sheet/l1_championship_match_71737/infos;2023_2024;71737;Clermont;Lorient;9798
https://ligue1.com/fr/match-sheet/l1_championship_match_71738/infos;2023_2024;71738;Le Havre;Monaco;23008
https://ligue1.com/fr/match-sheet/l1_championship_match_71739/infos;2023_2024;71739;Lens;Marseille;38223
https://ligue1.com/fr/match-sheet/l1_championship_match_71740/infos;2023_2024;71740;Lille;Toulouse;34959
https://ligue1.com/fr/match-sheet/l1_championship_match_71741/infos;2023_2024;71741;Metz;Nantes;21674
https://ligue1.com/fr/match-sheet/l1_championship_match_71742/infos;2023_2024;71742;Montpellier;Nice;13452
https://ligue1.com/fr/match-sheet/l1_championship_match_71743/infos;2023_2024;71743;Reims;Paris SG;20500
https://ligue1.com/fr/match-sheet/l1_championship_match_71744/infos;2023_2024;71744;Rennes;Lyon;28441
https://ligue1.com/fr/match-sheet/l1_championship_match_71745/infos;2023_2024;71745;Clermont;Lens;10455
https://ligue1.com/fr/match-sheet/l1_championship_match_71746/infos;2023_2024;71746;Lorient;Metz;14469
https://ligue1.com/fr/match-sheet/l1_championship_match_71747/infos;2023_2024;71747;Lyon;Lille;40029
https://ligue1.com/fr/match-sheet/l1_championship_match_71748/infos;2023_2024;71748;Montpellier;Brest;12311
https://ligue1.com/fr/match-sheet/l1_championship_match_71749/infos;2023_2024;71749;Nantes;Le Havre;29346
https://ligue1.com/fr/match-sheet/l1_championship_match_71750/infos;2023_2024;71750;Nice;Toulouse;21849
https://ligue1.com/fr/match-sheet/l1_championship_match_71751/infos;2023_2024;71751;Paris SG;Monaco;47896
https://ligue1.com/fr/match-sheet/l1_championship_match_71752/infos;2023_2024;71752;Rennes;Reims;27718
https://ligue1.com/fr/match-sheet/l1_championship_match_71753/infos;2023_2024;71753;Strasbourg;Marseille;25443
https://ligue1.com/fr/match-sheet/l1_championship_match_71754/infos;2023_2024;71754;Brest;Clermont;14324
https://ligue1.com/fr/match-sheet/l1_championship_match_71755/infos;2023_2024;71755;Le Havre;Paris SG;24569
https://ligue1.com/fr/match-sheet/l1_championship_match_71756/infos;2023_2024;71756;Lens;Lyon;38130
https://ligue1.com/fr/match-sheet/l1_championship_match_71757/infos;2023_2024;71757;Lille;Metz;38065
https://ligue1.com/fr/match-sheet/l1_championship_match_71758/infos;2023_2024;71758;Marseille;Rennes;54162
https://ligue1.com/fr/match-sheet/l1_championship_match_71759/infos;2023_2024;71759;Monaco;Montpellier;4599
https://ligue1.com/fr/match-sheet/l1_championship_match_71760/infos;2023_2024;71760;Nantes;Nice;26560
https://ligue1.com/fr/match-sheet/l1_championship_match_71761/infos;2023_2024;71761;Reims;Strasbourg;13704
https://ligue1.com/fr/match-sheet/l1_championship_match_71762/infos;2023_2024;71762;Toulouse;Lorient;22799
https://ligue1.com/fr/match-sheet/l1_championship_match_71763/infos;2023_2024;71763;Clermont;Lille;8789
https://ligue1.com/fr/match-sheet/l1_championship_match_71764/infos;2023_2024;71764;Lorient;Marseille;15848
https://ligue1.com/fr/match-sheet/l1_championship_match_71765/infos;2023_2024;71765;Lyon;Toulouse;36777
https://ligue1.com/fr/match-sheet/l1_championship_match_71766/infos;2023_2024;71766;Metz;Brest;20157
https://ligue1.com/fr/match-sheet/l1_championship_match_71767/infos;2023_2024;71767;Montpellier;Lens;14159
https://ligue1.com/fr/match-sheet/l1_championship_match_71768/infos;2023_2024;71768;Nice;Reims;24325
https://ligue1.com/fr/match-sheet/l1_championship_match_71769/infos;2023_2024;71769;Paris SG;Nantes;47926
https://ligue1.com/fr/match-sheet/l1_championship_match_71770/infos;2023_2024;71770;Rennes;Monaco;26856
https://ligue1.com/fr/match-sheet/l1_championship_match_71771/infos;2023_2024;71771;Strasbourg;Le Havre;25173
https://ligue1.com/fr/match-sheet/l1_championship_match_71772/infos;2023_2024;71772;Le Havre;Nice;21971
https://ligue1.com/fr/match-sheet/l1_championship_match_71773/infos;2023_2024;71773;Lens;Reims;38055
https://ligue1.com/fr/match-sheet/l1_championship_match_71774/infos;2023_2024;71774;Lille;Paris SG;47993
https://ligue1.com/fr/match-sheet/l1_championship_match_71775/infos;2023_2024;71775;Lorient;Strasbourg;14580
https://ligue1.com/fr/match-sheet/l1_championship_match_71776/infos;2023_2024;71776;Marseille;Clermont;63751
https://ligue1.com/fr/match-sheet/l1_championship_match_71777/infos;2023_2024;71777;Metz;Montpellier;23473
https://ligue1.com/fr/match-sheet/l1_championship_match_71778/infos;2023_2024;71778;Monaco;Lyon;5324
https://ligue1.com/fr/match-sheet/l1_championship_match_71779/infos;2023_2024;71779;Nantes;Brest;30075
https://ligue1.com/fr/match-sheet/l1_championship_match_71780/infos;2023_2024;71780;Toulouse;Rennes;23311
https://ligue1.com/fr/match-sheet/l1_championship_match_71781/infos;2023_2024;71781;Brest;Lorient;14544
https://ligue1.com/fr/match-sheet/l1_championship_match_71782/infos;2023_2024;71782;Clermont;Rennes;8840
https://ligue1.com/fr/match-sheet/l1_championship_match_71783/infos;2023_2024;71783;Lyon;Nantes;40028
https://ligue1.com/fr/match-sheet/l1_championship_match_71784/infos;2023_2024;71784;Montpellier;Marseille;18565
https://ligue1.com/fr/match-sheet/l1_championship_match_71785/infos;2023_2024;71785;Nice;Lens;25041
https://ligue1.com/fr/match-sheet/l1_championship_match_71786/infos;2023_2024;71786;Paris SG;Metz;47822
https://ligue1.com/fr/match-sheet/l1_championship_match_71787/infos;2023_2024;71787;Reims;Le Havre;14835
https://ligue1.com/fr/match-sheet/l1_championship_match_71788/infos;2023_2024;71788;Strasbourg;Lille;25373
https://ligue1.com/fr/match-sheet/l1_championship_match_71789/infos;2023_2024;71789;Toulouse;Monaco;23881
https://ligue1.com/fr/match-sheet/l1_championship_match_71790/infos;2023_2024;71790;Brest;Montpellier;12712
https://ligue1.com/fr/match-sheet/l1_championship_match_71791/infos;2023_2024;71791;Le Havre;Lyon;23146
https://ligue1.com/fr/match-sheet/l1_championship_match_71792/infos;2023_2024;71792;Lens;Paris SG;38200
https://ligue1.com/fr/match-sheet/l1_championship_match_71793/infos;2023_2024;71793;Lille;Lorient;35204
https://ligue1.com/fr/match-sheet/l1_championship_match_71794/infos;2023_2024;71794;Marseille;Strasbourg;53616
https://ligue1.com/fr/match-sheet/l1_championship_match_71795/infos;2023_2024;71795;Metz;Toulouse;21065
https://ligue1.com/fr/match-sheet/l1_championship_match_71796/infos;2023_2024;71796;Monaco;Reims;4231
https://ligue1.com/fr/match-sheet/l1_championship_match_71797/infos;2023_2024;71797;Nantes;Clermont;20866
https://ligue1.com/fr/match-sheet/l1_championship_match_71798/infos;2023_2024;71798;Rennes;Nice;26689
https://ligue1.com/fr/match-sheet/l1_championship_match_71799/infos;2023_2024;71799;Clermont;Strasbourg;9047
https://ligue1.com/fr/match-sheet/l1_championship_match_71800/infos;2023_2024;71800;Lorient;Le Havre;15207
https://ligue1.com/fr/match-sheet/l1_championship_match_71801/infos;2023_2024;71801;Lyon;Rennes;40516
https://ligue1.com/fr/match-sheet/l1_championship_match_71802/infos;2023_2024;71802;Marseille;Monaco;63029
https://ligue1.com/fr/match-sheet/l1_championship_match_71803/infos;2023_2024;71803;Montpellier;Lille;12575
https://ligue1.com/fr/match-sheet/l1_championship_match_71804/infos;2023_2024;71804;Nice;Metz;20137
https://ligue1.com/fr/match-sheet/l1_championship_match_71805/infos;2023_2024;71805;Paris SG;Brest;46905
https://ligue1.com/fr/match-sheet/l1_championship_match_71806/infos;2023_2024;71806;Reims;Nantes;14388
https://ligue1.com/fr/match-sheet/l1_championship_match_71807/infos;2023_2024;71807;Toulouse;Lens;27310
https://ligue1.com/fr/match-sheet/l1_championship_match_71808/infos;2023_2024;71808;Brest;Nice;13442
https://ligue1.com/fr/match-sheet/l1_championship_match_71809/infos;2023_2024;71809;Lille;Clermont;38597
https://ligue1.com/fr/match-sheet/l1_championship_match_71810/infos;2023_2024;71810;Lyon;Marseille;46380
https://ligue1.com/fr/match-sheet/l1_championship_match_71811/infos;2023_2024;71811;Metz;Lorient;21044
https://ligue1.com/fr/match-sheet/l1_championship_match_71812/infos;2023_2024;71812;Monaco;Le Havre;5962
https://ligue1.com/fr/match-sheet/l1_championship_match_71813/infos;2023_2024;71813;Nantes;Lens;34167
https://ligue1.com/fr/match-sheet/l1_championship_match_71814/infos;2023_2024;71814;Reims;Toulouse;12817
https://ligue1.com/fr/match-sheet/l1_championship_match_71815/infos;2023_2024;71815;Rennes;Montpellier;24898
https://ligue1.com/fr/match-sheet/l1_championship_match_71816/infos;2023_2024;71816;Strasbourg;Paris SG;25834
https://ligue1.com/fr/match-sheet/l1_championship_match_71817/infos;2023_2024;71817;Clermont;Brest;8893
https://ligue1.com/fr/match-sheet/l1_championship_match_71818/infos;2023_2024;71818;Le Havre;Rennes;22702
https://ligue1.com/fr/match-sheet/l1_championship_match_71819/infos;2023_2024;71819;Lens;Strasbourg;38161
https://ligue1.com/fr/match-sheet/l1_championship_match_71820/infos;2023_2024;71820;Lorient;Reims;15096
https://ligue1.com/fr/match-sheet/l1_championship_match_71821/infos;2023_2024;71821;Marseille;Metz;62686
https://ligue1.com/fr/match-sheet/l1_championship_match_71822/infos;2023_2024;71822;Montpellier;Lyon;15519
https://ligue1.com/fr/match-sheet/l1_championship_match_71823/infos;2023_2024;71823;Nice;Monaco;24788
https://ligue1.com/fr/match-sheet/l1_championship_match_71824/infos;2023_2024;71824;Paris SG;Lille;47716
https://ligue1.com/fr/match-sheet/l1_championship_match_71825/infos;2023_2024;71825;Toulouse;Nantes;28933
https://ligue1.com/fr/match-sheet/l1_championship_match_71826/infos;2023_2024;71826;Brest;Marseille;14766
https://ligue1.com/fr/match-sheet/l1_championship_match_71827/infos;2023_2024;71827;Lille;Le Havre;40317
https://ligue1.com/fr/match-sheet/l1_championship_match_71828/infos;2023_2024;71828;Lyon;Nice;48033
https://ligue1.com/fr/match-sheet/l1_championship_match_71829/infos;2023_2024;71829;Monaco;Toulouse;4702
https://ligue1.com/fr/match-sheet/l1_championship_match_71830/infos;2023_2024;71830;Montpellier;Metz;12532
https://ligue1.com/fr/match-sheet/l1_championship_match_71831/infos;2023_2024;71831;Nantes;Paris SG;34038
https://ligue1.com/fr/match-sheet/l1_championship_match_71832/infos;2023_2024;71832;Reims;Lens;20116
https://ligue1.com/fr/match-sheet/l1_championship_match_71833/infos;2023_2024;71833;Rennes;Clermont;27501
https://ligue1.com/fr/match-sheet/l1_championship_match_71834/infos;2023_2024;71834;Strasbourg;Lorient;25103
https://ligue1.com/fr/match-sheet/l1_championship_match_71835/infos;2023_2024;71835;Le Havre;Reims;22046
https://ligue1.com/fr/match-sheet/l1_championship_match_71836/infos;2023_2024;71836;Lens;Monaco;37992
https://ligue1.com/fr/match-sheet/l1_championship_match_71837/infos;2023_2024;71837;Lorient;Nantes;16783
https://ligue1.com/fr/match-sheet/l1_championship_match_71838/infos;2023_2024;71838;Marseille;Montpellier;61263
https://ligue1.com/fr/match-sheet/l1_championship_match_71839/infos;2023_2024;71839;Metz;Lyon;27560
https://ligue1.com/fr/match-sheet/l1_championship_match_71840/infos;2023_2024;71840;Nice;Clermont;22081
https://ligue1.com/fr/match-sheet/l1_championship_match_71841/infos;2023_2024;71841;Paris SG;Rennes;47874
https://ligue1.com/fr/match-sheet/l1_championship_match_71842/infos;2023_2024;71842;Strasbourg;Brest;25140
https://ligue1.com/fr/match-sheet/l1_championship_match_71843/infos;2023_2024;71843;Toulouse;Lille;24110
https://ligue1.com/fr/match-sheet/l1_championship_match_71844/infos;2023_2024;71844;Brest;Le Havre;14718
https://ligue1.com/fr/match-sheet/l1_championship_match_71845/infos;2023_2024;71845;Clermont;Marseille;10592
https://ligue1.com/fr/match-sheet/l1_championship_match_71846/infos;2023_2024;71846;Lyon;Lens;48242
https://ligue1.com/fr/match-sheet/l1_championship_match_71847/infos;2023_2024;71847;Monaco;Paris SG;14700
https://ligue1.com/fr/match-sheet/l1_championship_match_71848/infos;2023_2024;71848;Montpellier;Strasbourg;11635
https://ligue1.com/fr/match-sheet/l1_championship_match_71849/infos;2023_2024;71849;Nantes;Metz;27132
https://ligue1.com/fr/match-sheet/l1_championship_match_71850/infos;2023_2024;71850;Reims;Lille;16452
https://ligue1.com/fr/match-sheet/l1_championship_match_71851/infos;2023_2024;71851;Rennes;Lorient;28615
https://ligue1.com/fr/match-sheet/l1_championship_match_71852/infos;2023_2024;71852;Toulouse;Nice;25507
https://ligue1.com/fr/match-sheet/l1_championship_match_71853/infos;2023_2024;71853;Le Havre;Toulouse;21462
https://ligue1.com/fr/match-sheet/l1_championship_match_71854/infos;2023_2024;71854;Lens;Brest;38016
https://ligue1.com/fr/match-sheet/l1_championship_match_71855/infos;2023_2024;71855;Lille;Rennes;40383
https://ligue1.com/fr/match-sheet/l1_championship_match_71856/infos;2023_2024;71856;Lorient;Lyon;16426
https://ligue1.com/fr/match-sheet/l1_championship_match_71857/infos;2023_2024;71857;Marseille;Nantes;56958
https://ligue1.com/fr/match-sheet/l1_championship_match_71858/infos;2023_2024;71858;Metz;Clermont;22673
https://ligue1.com/fr/match-sheet/l1_championship_match_71859/infos;2023_2024;71859;Nice;Montpellier;21819
https://ligue1.com/fr/match-sheet/l1_championship_match_71860/infos;2023_2024;71860;Paris SG;Reims;47917
https://ligue1.com/fr/match-sheet/l1_championship_match_71861/infos;2023_2024;71861;Strasbourg;Monaco;25391
https://ligue1.com/fr/match-sheet/l1_championship_match_71862/infos;2023_2024;71862;Brest;Lille;14774
https://ligue1.com/fr/match-sheet/l1_championship_match_71863/infos;2023_2024;71863;Clermont;Le Havre;9638
https://ligue1.com/fr/match-sheet/l1_championship_match_71864/infos;2023_2024;71864;Lens;Nice;37346
https://ligue1.com/fr/match-sheet/l1_championship_match_71865/infos;2023_2024;71865;Monaco;Lorient;5090
https://ligue1.com/fr/match-sheet/l1_championship_match_71866/infos;2023_2024;71866;Montpellier;Paris SG;19202
https://ligue1.com/fr/match-sheet/l1_championship_match_71867/infos;2023_2024;71867;Nantes;Strasbourg;29487
https://ligue1.com/fr/match-sheet/l1_championship_match_71868/infos;2023_2024;71868;Reims;Metz;14335
https://ligue1.com/fr/match-sheet/l1_championship_match_71869/infos;2023_2024;71869;Rennes;Marseille;28610
https://ligue1.com/fr/match-sheet/l1_championship_match_71870/infos;2023_2024;71870;Toulouse;Lyon;28436
https://ligue1.com/fr/match-sheet/l1_championship_match_71871/infos;2023_2024;71871;Clermont;Toulouse;10499
https://ligue1.com/fr/match-sheet/l1_championship_match_71872/infos;2023_2024;71872;Le Havre;Montpellier;20556
https://ligue1.com/fr/match-sheet/l1_championship_match_71873/infos;2023_2024;71873;Lille;Lens;48233
https://ligue1.com/fr/match-sheet/l1_championship_match_71874/infos;2023_2024;71874;Lorient;Brest;16745
https://ligue1.com/fr/match-sheet/l1_championship_match_71875/infos;2023_2024;71875;Lyon;Reims;43097
https://ligue1.com/fr/match-sheet/l1_championship_match_71876/infos;2023_2024;71876;Marseille;Paris SG;66046
https://ligue1.com/fr/match-sheet/l1_championship_match_71877/infos;2023_2024;71877;Metz;Monaco;26661
https://ligue1.com/fr/match-sheet/l1_championship_match_71878/infos;2023_2024;71878;Nice;Nantes;21142
https://ligue1.com/fr/match-sheet/l1_championship_match_71879/infos;2023_2024;71879;Strasbourg;Rennes;25407
https://ligue1.com/fr/match-sheet/l1_championship_match_71880/infos;2023_2024;71880;Brest;Metz;14656
https://ligue1.com/fr/match-sheet/l1_championship_match_71881/infos;2023_2024;71881;Lens;Le Havre;38223
https://ligue1.com/fr/match-sheet/l1_championship_match_71882/infos;2023_2024;71882;Lille;Marseille;46864
https://ligue1.com/fr/match-sheet/l1_championship_match_71883/infos;2023_2024;71883;Monaco;Rennes;6634
https://ligue1.com/fr/match-sheet/l1_championship_match_71884/infos;2023_2024;71884;Montpellier;Lorient;15234
https://ligue1.com/fr/match-sheet/l1_championship_match_71885/infos;2023_2024;71885;Nantes;Lyon;N/A
https://ligue1.com/fr/match-sheet/l1_championship_match_71886/infos;2023_2024;71886;Paris SG;Clermont;47607
https://ligue1.com/fr/match-sheet/l1_championship_match_71887/infos;2023_2024;71887;Reims;Nice;14606
https://ligue1.com/fr/match-sheet/l1_championship_match_71888/infos;2023_2024;71888;Toulouse;Strasbourg;23672
https://ligue1.com/fr/match-sheet/l1_championship_match_71889/infos;2023_2024;71889;Clermont;Montpellier;10174
https://ligue1.com/fr/match-sheet/l1_championship_match_71890/infos;2023_2024;71890;Le Havre;Nantes;23021
https://ligue1.com/fr/match-sheet/l1_championship_match_71891/infos;2023_2024;71891;Lorient;Paris SG;16738
https://ligue1.com/fr/match-sheet/l1_championship_match_71892/infos;2023_2024;71892;Lyon;Brest;47958
https://ligue1.com/fr/match-sheet/l1_championship_match_71893/infos;2023_2024;71893;Marseille;Nice;58151
https://ligue1.com/fr/match-sheet/l1_championship_match_71894/infos;2023_2024;71894;Metz;Lens;23002
https://ligue1.com/fr/match-sheet/l1_championship_match_71895/infos;2023_2024;71895;Monaco;Lille;7069
https://ligue1.com/fr/match-sheet/l1_championship_match_71896/infos;2023_2024;71896;Rennes;Toulouse;28055
https://ligue1.com/fr/match-sheet/l1_championship_match_71897/infos;2023_2024;71897;Strasbourg;Reims;25436
https://ligue1.com/fr/match-sheet/l1_championship_match_71898/infos;2023_2024;71898;Brest;Monaco;14856
https://ligue1.com/fr/match-sheet/l1_championship_match_71899/infos;2023_2024;71899;Le Havre;Metz;21250
https://ligue1.com/fr/match-sheet/l1_championship_match_71900/infos;2023_2024;71900;Lens;Clermont;37495
https://ligue1.com/fr/match-sheet/l1_championship_match_71901/infos;2023_2024;71901;Lille;Strasbourg;40381
https://ligue1.com/fr/match-sheet/l1_championship_match_71902/infos;2023_2024;71902;Nantes;Rennes;25433
https://ligue1.com/fr/match-sheet/l1_championship_match_71903/infos;2023_2024;71903;Nice;Lorient;21067
https://ligue1.com/fr/match-sheet/l1_championship_match_71904/infos;2023_2024;71904;Paris SG;Lyon;47700
https://ligue1.com/fr/match-sheet/l1_championship_match_71905/infos;2023_2024;71905;Reims;Montpellier;14183
https://ligue1.com/fr/match-sheet/l1_championship_match_71906/infos;2023_2024;71906;Toulouse;Marseille;29809
https://ligue1.com/fr/match-sheet/l1_championship_match_71907/infos;2023_2024;71907;Clermont;Reims;8713
https://ligue1.com/fr/match-sheet/l1_championship_match_71908/infos;2023_2024;71908;Lorient;Toulouse;16125
https://ligue1.com/fr/match-sheet/l1_championship_match_71909/infos;2023_2024;71909;Lyon;Monaco;55939
https://ligue1.com/fr/match-sheet/l1_championship_match_71910/infos;2023_2024;71910;Marseille;Lens;59490
https://ligue1.com/fr/match-sheet/l1_championship_match_71911/infos;2023_2024;71911;Metz;Lille;24720
https://ligue1.com/fr/match-sheet/l1_championship_match_71912/infos;2023_2024;71912;Montpellier;Nantes;17331
https://ligue1.com/fr/match-sheet/l1_championship_match_71913/infos;2023_2024;71913;Paris SG;Le Havre;47922
https://ligue1.com/fr/match-sheet/l1_championship_match_71914/infos;2023_2024;71914;Rennes;Brest;28527
https://ligue1.com/fr/match-sheet/l1_championship_match_71915/infos;2023_2024;71915;Strasbourg;Nice;25181
https://ligue1.com/fr/match-sheet/l1_championship_match_71916/infos;2023_2024;71916;Brest;Nantes;15159
https://ligue1.com/fr/match-sheet/l1_championship_match_71917/infos;2023_2024;71917;Le Havre;Strasbourg;22293
https://ligue1.com/fr/match-sheet/l1_championship_match_71918/infos;2023_2024;71918;Lens;Lorient;37569
https://ligue1.com/fr/match-sheet/l1_championship_match_71919/infos;2023_2024;71919;Lille;Lyon;45227
https://ligue1.com/fr/match-sheet/l1_championship_match_71920/infos;2023_2024;71920;Metz;Rennes;23290
https://ligue1.com/fr/match-sheet/l1_championship_match_71921/infos;2023_2024;71921;Monaco;Clermont;7256
https://ligue1.com/fr/match-sheet/l1_championship_match_71922/infos;2023_2024;71922;Nice;Paris SG;33818
https://ligue1.com/fr/match-sheet/l1_championship_match_71923/infos;2023_2024;71923;Reims;Marseille;19020
https://ligue1.com/fr/match-sheet/l1_championship_match_71924/infos;2023_2024;71924;Toulouse;Montpellier;24740
https://ligue1.com/fr/match-sheet/l1_championship_match_71925/infos;2023_2024;71925;Brest;Reims;14623
https://ligue1.com/fr/match-sheet/l1_championship_match_71926/infos;2023_2024;71926;Clermont;Lyon;10603
https://ligue1.com/fr/match-sheet/l1_championship_match_71927/infos;2023_2024;71927;Marseille;Lorient;62082
https://ligue1.com/fr/match-sheet/l1_championship_match_71928/infos;2023_2024;71928;Montpellier;Monaco;14829
https://ligue1.com/fr/match-sheet/l1_championship_match_71929/infos;2023_2024;71929;Nantes;Lille;26529
https://ligue1.com/fr/match-sheet/l1_championship_match_71930/infos;2023_2024;71930;Nice;Le Havre;24529
https://ligue1.com/fr/match-sheet/l1_championship_match_71931/infos;2023_2024;71931;Paris SG;Toulouse;47855
https://ligue1.com/fr/match-sheet/l1_championship_match_71932/infos;2023_2024;71932;Rennes;Lens;28660
https://ligue1.com/fr/match-sheet/l1_championship_match_71933/infos;2023_2024;71933;Strasbourg;Metz;25686
https://ligue1.com/fr/match-sheet/l1_championship_match_71934/infos;2023_2024;71934;Le Havre;Marseille;24050
https://ligue1.com/fr/match-sheet/l1_championship_match_71935/infos;2023_2024;71935;Lens;Montpellier;37433
https://ligue1.com/fr/match-sheet/l1_championship_match_71936/infos;2023_2024;71936;Lille;Nice;45488
https://ligue1.com/fr/match-sheet/l1_championship_match_71937/infos;2023_2024;71937;Lorient;Clermont;16176
https://ligue1.com/fr/match-sheet/l1_championship_match_71938/infos;2023_2024;71938;Lyon;Strasbourg;57027
https://ligue1.com/fr/match-sheet/l1_championship_match_71939/infos;2023_2024;71939;Metz;Paris SG;28455
https://ligue1.com/fr/match-sheet/l1_championship_match_71940/infos;2023_2024;71940;Monaco;Nantes;7343
https://ligue1.com/fr/match-sheet/l1_championship_match_71941/infos;2023_2024;71941;Reims;Rennes;16077
https://ligue1.com/fr/match-sheet/l1_championship_match_71942/infos;2023_2024;71942;Toulouse;Brest;28885
https://ligue1.com/fr/match-sheet/l1_championship_match_72415/infos;2024_2025;72415;Angers;Lens;14811
https://ligue1.com/fr/match-sheet/l1_championship_match_72416/infos;2024_2025;72416;Auxerre;Nice;16364
https://ligue1.com/fr/match-sheet/l1_championship_match_72417/infos;2024_2025;72417;Brest;Marseille;14962
https://ligue1.com/fr/match-sheet/l1_championship_match_72418/infos;2024_2025;72418;Le Havre;Paris SG;23159
https://ligue1.com/fr/match-sheet/l1_championship_match_72419/infos;2024_2025;72419;Monaco;Saint Etienne;14252
https://ligue1.com/fr/match-sheet/l1_championship_match_72420/infos;2024_2025;72420;Montpellier;Strasbourg;15706
https://ligue1.com/fr/match-sheet/l1_championship_match_72421/infos;2024_2025;72421;Reims;Lille;14755
https://ligue1.com/fr/match-sheet/l1_championship_match_72422/infos;2024_2025;72422;Rennes;Lyon;26026
https://ligue1.com/fr/match-sheet/l1_championship_match_72423/infos;2024_2025;72423;Toulouse;Nantes;25415
https://ligue1.com/fr/match-sheet/l1_championship_match_72424/infos;2024_2025;72424;Lens;Brest;37435
https://ligue1.com/fr/match-sheet/l1_championship_match_72425/infos;2024_2025;72425;Lille;Angers;36906
https://ligue1.com/fr/match-sheet/l1_championship_match_72426/infos;2024_2025;72426;Lyon;Monaco;54382
https://ligue1.com/fr/match-sheet/l1_championship_match_72427/infos;2024_2025;72427;Marseille;Reims;63841
https://ligue1.com/fr/match-sheet/l1_championship_match_72428/infos;2024_2025;72428;Nantes;Auxerre;31077
https://ligue1.com/fr/match-sheet/l1_championship_match_72429/infos;2024_2025;72429;Nice;Toulouse;23655
https://ligue1.com/fr/match-sheet/l1_championship_match_72430/infos;2024_2025;72430;Paris SG;Montpellier;46583
https://ligue1.com/fr/match-sheet/l1_championship_match_72431/infos;2024_2025;72431;Saint Etienne;Le Havre;16958
https://ligue1.com/fr/match-sheet/l1_championship_match_72432/infos;2024_2025;72432;Strasbourg;Rennes;19026
https://ligue1.com/fr/match-sheet/l1_championship_match_72433/infos;2024_2025;72433;Angers;Nice;9168
https://ligue1.com/fr/match-sheet/l1_championship_match_72434/infos;2024_2025;72434;Brest;Saint Etienne;14885
https://ligue1.com/fr/match-sheet/l1_championship_match_72435/infos;2024_2025;72435;Le Havre;Auxerre;19715
https://ligue1.com/fr/match-sheet/l1_championship_match_72436/infos;2024_2025;72436;Lille;Paris SG;45434
https://ligue1.com/fr/match-sheet/l1_championship_match_72437/infos;2024_2025;72437;Lyon;Strasbourg;43805
https://ligue1.com/fr/match-sheet/l1_championship_match_72438/infos;2024_2025;72438;Monaco;Lens;9030
https://ligue1.com/fr/match-sheet/l1_championship_match_72439/infos;2024_2025;72439;Montpellier;Nantes;12107
https://ligue1.com/fr/match-sheet/l1_championship_match_72440/infos;2024_2025;72440;Reims;Rennes;12856
https://ligue1.com/fr/match-sheet/l1_championship_match_72441/infos;2024_2025;72441;Toulouse;Marseille;30075
https://ligue1.com/fr/match-sheet/l1_championship_match_72442/infos;2024_2025;72442;Auxerre;Monaco;17045
https://ligue1.com/fr/match-sheet/l1_championship_match_72443/infos;2024_2025;72443;Lens;Lyon;38116
https://ligue1.com/fr/match-sheet/l1_championship_match_72444/infos;2024_2025;72444;Marseille;Nice;65803
https://ligue1.com/fr/match-sheet/l1_championship_match_72445/infos;2024_2025;72445;Nantes;Reims;29811
https://ligue1.com/fr/match-sheet/l1_championship_match_72446/infos;2024_2025;72446;Paris SG;Brest;47628
https://ligue1.com/fr/match-sheet/l1_championship_match_72447/infos;2024_2025;72447;Rennes;Montpellier;27451
https://ligue1.com/fr/match-sheet/l1_championship_match_72448/infos;2024_2025;72448;Saint Etienne;Lille;22144
https://ligue1.com/fr/match-sheet/l1_championship_match_72449/infos;2024_2025;72449;Strasbourg;Angers;19135
https://ligue1.com/fr/match-sheet/l1_championship_match_72450/infos;2024_2025;72450;Toulouse;Le Havre;30064
https://ligue1.com/fr/match-sheet/l1_championship_match_72451/infos;2024_2025;72451;Angers;Nantes;16942
https://ligue1.com/fr/match-sheet/l1_championship_match_72452/infos;2024_2025;72452;Brest;Toulouse;14580
https://ligue1.com/fr/match-sheet/l1_championship_match_72453/infos;2024_2025;72453;Lille;Strasbourg;39516
https://ligue1.com/fr/match-sheet/l1_championship_match_72454/infos;2024_2025;72454;Lyon;Marseille;53228
https://ligue1.com/fr/match-sheet/l1_championship_match_72455/infos;2024_2025;72455;Monaco;Le Havre;6353
https://ligue1.com/fr/match-sheet/l1_championship_match_72456/infos;2024_2025;72456;Montpellier;Auxerre;11643
https://ligue1.com/fr/match-sheet/l1_championship_match_72457/infos;2024_2025;72457;Nice;Saint Etienne;30024
https://ligue1.com/fr/match-sheet/l1_championship_match_72458/infos;2024_2025;72458;Reims;Paris SG;20220
https://ligue1.com/fr/match-sheet/l1_championship_match_72459/infos;2024_2025;72459;Rennes;Lens;28387
https://ligue1.com/fr/match-sheet/l1_championship_match_72460/infos;2024_2025;72460;Angers;Reims;8526
https://ligue1.com/fr/match-sheet/l1_championship_match_72461/infos;2024_2025;72461;Auxerre;Brest;15381
https://ligue1.com/fr/match-sheet/l1_championship_match_72462/infos;2024_2025;72462;Le Havre;Lille;21369
https://ligue1.com/fr/match-sheet/l1_championship_match_72463/infos;2024_2025;72463;Lens;Nice;37301
https://ligue1.com/fr/match-sheet/l1_championship_match_72464/infos;2024_2025;72464;Monaco;Montpellier;13065
https://ligue1.com/fr/match-sheet/l1_championship_match_72465/infos;2024_2025;72465;Nantes;Saint Etienne;34005
https://ligue1.com/fr/match-sheet/l1_championship_match_72466/infos;2024_2025;72466;Paris SG;Rennes;47582
https://ligue1.com/fr/match-sheet/l1_championship_match_72467/infos;2024_2025;72467;Strasbourg;Marseille;19790
https://ligue1.com/fr/match-sheet/l1_championship_match_72468/infos;2024_2025;72468;Toulouse;Lyon;29807
https://ligue1.com/fr/match-sheet/l1_championship_match_72469/infos;2024_2025;72469;Brest;Le Havre;14572
https://ligue1.com/fr/match-sheet/l1_championship_match_72470/infos;2024_2025;72470;Lille;Toulouse;36947
https://ligue1.com/fr/match-sheet/l1_championship_match_72471/infos;2024_2025;72471;Lyon;Nantes;51888
https://ligue1.com/fr/match-sheet/l1_championship_match_72472/infos;2024_2025;72472;Marseille;Angers;54568
https://ligue1.com/fr/match-sheet/l1_championship_match_72473/infos;2024_2025;72473;Nice;Paris SG;30247
https://ligue1.com/fr/match-sheet/l1_championship_match_72474/infos;2024_2025;72474;Reims;Montpellier;14903
https://ligue1.com/fr/match-sheet/l1_championship_match_72475/infos;2024_2025;72475;Rennes;Monaco;26533
https://ligue1.com/fr/match-sheet/l1_championship_match_72476/infos;2024_2025;72476;Saint Etienne;Auxerre;31445
https://ligue1.com/fr/match-sheet/l1_championship_match_72477/infos;2024_2025;72477;Strasbourg;Lens;19968
https://ligue1.com/fr/match-sheet/l1_championship_match_72478/infos;2024_2025;72478;Auxerre;Reims;17016
https://ligue1.com/fr/match-sheet/l1_championship_match_72479/infos;2024_2025;72479;Brest;Rennes;15099
https://ligue1.com/fr/match-sheet/l1_championship_match_72480/infos;2024_2025;72480;Le Havre;Lyon;22490
https://ligue1.com/fr/match-sheet/l1_championship_match_72481/infos;2024_2025;72481;Monaco;Lille;7246
https://ligue1.com/fr/match-sheet/l1_championship_match_72482/infos;2024_2025;72482;Montpellier;Marseille;18461
https://ligue1.com/fr/match-sheet/l1_championship_match_72483/infos;2024_2025;72483;Nantes;Nice;28141
https://ligue1.com/fr/match-sheet/l1_championship_match_72484/infos;2024_2025;72484;Paris SG;Strasbourg;47590
https://ligue1.com/fr/match-sheet/l1_championship_match_72485/infos;2024_2025;72485;Saint Etienne;Lens;36832
https://ligue1.com/fr/match-sheet/l1_championship_match_72486/infos;2024_2025;72486;Toulouse;Angers;24078
https://ligue1.com/fr/match-sheet/l1_championship_match_72487/infos;2024_2025;72487;Angers;Saint Etienne;13796
https://ligue1.com/fr/match-sheet/l1_championship_match_72488/infos;2024_2025;72488;Lens;Lille;38223
https://ligue1.com/fr/match-sheet/l1_championship_match_72489/infos;2024_2025;72489;Lyon;Auxerre;54868
https://ligue1.com/fr/match-sheet/l1_championship_match_72490/infos;2024_2025;72490;Marseille;Paris SG;66115
https://ligue1.com/fr/match-sheet/l1_championship_match_72491/infos;2024_2025;72491;Montpellier;Toulouse;14111
https://ligue1.com/fr/match-sheet/l1_championship_match_72492/infos;2024_2025;72492;Nice;Monaco;29795
https://ligue1.com/fr/match-sheet/l1_championship_match_72493/infos;2024_2025;72493;Reims;Brest;17172
https://ligue1.com/fr/match-sheet/l1_championship_match_72494/infos;2024_2025;72494;Rennes;Le Havre;27130
https://ligue1.com/fr/match-sheet/l1_championship_match_72495/infos;2024_2025;72495;Strasbourg;Nantes;19398
https://ligue1.com/fr/match-sheet/l1_championship_match_72496/infos;2024_2025;72496;Auxerre;Rennes;16366
https://ligue1.com/fr/match-sheet/l1_championship_match_72497/infos;2024_2025;72497;Brest;Nice;14534
https://ligue1.com/fr/match-sheet/l1_championship_match_72498/infos;2024_2025;72498;Le Havre;Montpellier;18703
https://ligue1.com/fr/match-sheet/l1_championship_match_72499/infos;2024_2025;72499;Lille;Lyon;45084
https://ligue1.com/fr/match-sheet/l1_championship_match_72500/infos;2024_2025;72500;Monaco;Angers;10540
https://ligue1.com/fr/match-sheet/l1_championship_match_72501/infos;2024_2025;72501;Nantes;Marseille;33248
https://ligue1.com/fr/match-sheet/l1_championship_match_72502/infos;2024_2025;72502;Paris SG;Lens;47889
https://ligue1.com/fr/match-sheet/l1_championship_match_72503/infos;2024_2025;72503;Saint Etienne;Strasbourg;33043
https://ligue1.com/fr/match-sheet/l1_championship_match_72504/infos;2024_2025;72504;Toulouse;Reims;23752
https://ligue1.com/fr/match-sheet/l1_championship_match_72505/infos;2024_2025;72505;Angers;Paris SG;17212
https://ligue1.com/fr/match-sheet/l1_championship_match_72506/infos;2024_2025;72506;Le Havre;Reims;19256
https://ligue1.com/fr/match-sheet/l1_championship_match_72507/infos;2024_2025;72507;Lens;Nantes;38202
https://ligue1.com/fr/match-sheet/l1_championship_match_72508/infos;2024_2025;72508;Lyon;Saint Etienne;58082
https://ligue1.com/fr/match-sheet/l1_championship_match_72509/infos;2024_2025;72509;Marseille;Auxerre;64184
https://ligue1.com/fr/match-sheet/l1_championship_match_72510/infos;2024_2025;72510;Montpellier;Brest;12936
https://ligue1.com/fr/match-sheet/l1_championship_match_72511/infos;2024_2025;72511;Nice;Lille;25063
https://ligue1.com/fr/match-sheet/l1_championship_match_72512/infos;2024_2025;72512;Rennes;Toulouse;27525
https://ligue1.com/fr/match-sheet/l1_championship_match_72513/infos;2024_2025;72513;Strasbourg;Monaco;19451
https://ligue1.com/fr/match-sheet/l1_championship_match_72514/infos;2024_2025;72514;Auxerre;Angers;16120
https://ligue1.com/fr/match-sheet/l1_championship_match_72515/infos;2024_2025;72515;Lens;Marseille;38223
https://ligue1.com/fr/match-sheet/l1_championship_match_72516/infos;2024_2025;72516;Lille;Rennes;46019
https://ligue1.com/fr/match-sheet/l1_championship_match_72517/infos;2024_2025;72517;Monaco;Brest;5721
https://ligue1.com/fr/match-sheet/l1_championship_match_72518/infos;2024_2025;72518;Nantes;Le Havre;26936
https://ligue1.com/fr/match-sheet/l1_championship_match_72519/infos;2024_2025;72519;Nice;Strasbourg;18389
https://ligue1.com/fr/match-sheet/l1_championship_match_72520/infos;2024_2025;72520;Paris SG;Toulouse;47826
https://ligue1.com/fr/match-sheet/l1_championship_match_72521/infos;2024_2025;72521;Reims;Lyon;18274
https://ligue1.com/fr/match-sheet/l1_championship_match_72522/infos;2024_2025;72522;Saint Etienne;Montpellier;33008
https://ligue1.com/fr/match-sheet/l1_championship_match_72523/infos;2024_2025;72523;Brest;Strasbourg;14600
https://ligue1.com/fr/match-sheet/l1_championship_match_72524/infos;2024_2025;72524;Le Havre;Angers;20018
https://ligue1.com/fr/match-sheet/l1_championship_match_72525/infos;2024_2025;72525;Lyon;Nice;50977
https://ligue1.com/fr/match-sheet/l1_championship_match_72526/infos;2024_2025;72526;Marseille;Monaco;64277
https://ligue1.com/fr/match-sheet/l1_championship_match_72527/infos;2024_2025;72527;Montpellier;Lille;13691
https://ligue1.com/fr/match-sheet/l1_championship_match_72528/infos;2024_2025;72528;Paris SG;Nantes;47926
https://ligue1.com/fr/match-sheet/l1_championship_match_72529/infos;2024_2025;72529;Reims;Lens;18555
https://ligue1.com/fr/match-sheet/l1_championship_match_72530/infos;2024_2025;72530;Rennes;Saint Etienne;27586
https://ligue1.com/fr/match-sheet/l1_championship_match_72531/infos;2024_2025;72531;Toulouse;Auxerre;23525
https://ligue1.com/fr/match-sheet/l1_championship_match_72532/infos;2024_2025;72532;Angers;Lyon;16301
https://ligue1.com/fr/match-sheet/l1_championship_match_72533/infos;2024_2025;72533;Auxerre;Paris SG;17028
https://ligue1.com/fr/match-sheet/l1_championship_match_72534/infos;2024_2025;72534;Lens;Montpellier;37317
https://ligue1.com/fr/match-sheet/l1_championship_match_72535/infos;2024_2025;72535;Lille;Brest;38128
https://ligue1.com/fr/match-sheet/l1_championship_match_72536/infos;2024_2025;72536;Monaco;Toulouse;6868
https://ligue1.com/fr/match-sheet/l1_championship_match_72537/infos;2024_2025;72537;Nantes;Rennes;28418
https://ligue1.com/fr/match-sheet/l1_championship_match_72538/infos;2024_2025;72538;Nice;Le Havre;21248
https://ligue1.com/fr/match-sheet/l1_championship_match_72539/infos;2024_2025;72539;Saint Etienne;Marseille;35350
https://ligue1.com/fr/match-sheet/l1_championship_match_72540/infos;2024_2025;72540;Strasbourg;Reims;19369
https://ligue1.com/fr/match-sheet/l1_championship_match_72541/infos;2024_2025;72541;Auxerre;Lens;17052
https://ligue1.com/fr/match-sheet/l1_championship_match_72542/infos;2024_2025;72542;Brest;Nantes;15019
https://ligue1.com/fr/match-sheet/l1_championship_match_72543/infos;2024_2025;72543;Le Havre;Strasbourg;17071
https://ligue1.com/fr/match-sheet/l1_championship_match_72544/infos;2024_2025;72544;Marseille;Lille;64380
https://ligue1.com/fr/match-sheet/l1_championship_match_72545/infos;2024_2025;72545;Montpellier;Nice;11612
https://ligue1.com/fr/match-sheet/l1_championship_match_72546/infos;2024_2025;72546;Paris SG;Lyon;47926
https://ligue1.com/fr/match-sheet/l1_championship_match_72547/infos;2024_2025;72547;Reims;Monaco;15869
https://ligue1.com/fr/match-sheet/l1_championship_match_72548/infos;2024_2025;72548;Rennes;Angers;27781
https://ligue1.com/fr/match-sheet/l1_championship_match_72549/infos;2024_2025;72549;Toulouse;Saint Etienne;25336
https://ligue1.com/fr/match-sheet/l1_championship_match_72550/infos;2024_2025;72550;Angers;Brest;12691
https://ligue1.com/fr/match-sheet/l1_championship_match_72551/infos;2024_2025;72551;Lens;Toulouse;37461
https://ligue1.com/fr/match-sheet/l1_championship_match_72552/infos;2024_2025;72552;Lille;Nantes;41635
https://ligue1.com/fr/match-sheet/l1_championship_match_72553/infos;2024_2025;72553;Lyon;Montpellier;48162
https://ligue1.com/fr/match-sheet/l1_championship_match_72554/infos;2024_2025;72554;Marseille;Le Havre;64092
https://ligue1.com/fr/match-sheet/l1_championship_match_72555/infos;2024_2025;72555;Monaco;Paris SG;12095
https://ligue1.com/fr/match-sheet/l1_championship_match_72556/infos;2024_2025;72556;Nice;Rennes;21332
https://ligue1.com/fr/match-sheet/l1_championship_match_72557/infos;2024_2025;72557;Saint Etienne;Reims;14201
https://ligue1.com/fr/match-sheet/l1_championship_match_72558/infos;2024_2025;72558;Strasbourg;Auxerre;19500
https://ligue1.com/fr/match-sheet/l1_championship_match_72559/infos;2024_2025;72559;Auxerre;Lille;15599
https://ligue1.com/fr/match-sheet/l1_championship_match_72560/infos;2024_2025;72560;Brest;Lyon;14735
https://ligue1.com/fr/match-sheet/l1_championship_match_72561/infos;2024_2025;72561;Le Havre;Lens;19617
https://ligue1.com/fr/match-sheet/l1_championship_match_72562/infos;2024_2025;72562;Montpellier;Angers;11719
https://ligue1.com/fr/match-sheet/l1_championship_match_72563/infos;2024_2025;72563;Nantes;Monaco;25380
https://ligue1.com/fr/match-sheet/l1_championship_match_72564/infos;2024_2025;72564;Paris SG;Saint Etienne;47580
https://ligue1.com/fr/match-sheet/l1_championship_match_72565/infos;2024_2025;72565;Reims;Nice;12270
https://ligue1.com/fr/match-sheet/l1_championship_match_72566/infos;2024_2025;72566;Rennes;Marseille;26837
https://ligue1.com/fr/match-sheet/l1_championship_match_72567/infos;2024_2025;72567;Toulouse;Strasbourg;22042
https://ligue1.com/fr/match-sheet/l1_championship_match_72568/infos;2024_2025;72568;Angers;Auxerre;9938
https://ligue1.com/fr/match-sheet/l1_championship_match_72569/infos;2024_2025;72569;Lens;Paris SG;38120
https://ligue1.com/fr/match-sheet/l1_championship_match_72570/infos;2024_2025;72570;Lille;Nice;38325
https://ligue1.com/fr/match-sheet/l1_championship_match_72571/infos;2024_2025;72571;Lyon;Toulouse;42592
https://ligue1.com/fr/match-sheet/l1_championship_match_72572/infos;2024_2025;72572;Marseille;Strasbourg;63992
https://ligue1.com/fr/match-sheet/l1_championship_match_72573/infos;2024_2025;72573;Montpellier;Monaco;11371
https://ligue1.com/fr/match-sheet/l1_championship_match_72574/infos;2024_2025;72574;Reims;Le Havre;11278
https://ligue1.com/fr/match-sheet/l1_championship_match_72575/infos;2024_2025;72575;Rennes;Brest;28238
https://ligue1.com/fr/match-sheet/l1_championship_match_72576/infos;2024_2025;72576;Saint Etienne;Nantes;14094
https://ligue1.com/fr/match-sheet/l1_championship_match_72577/infos;2024_2025;72577;Auxerre;Saint Etienne;16805
https://ligue1.com/fr/match-sheet/l1_championship_match_72578/infos;2024_2025;72578;Le Havre;Brest;17898
https://ligue1.com/fr/match-sheet/l1_championship_match_72579/infos;2024_2025;72579;Lens;Angers;37321
https://ligue1.com/fr/match-sheet/l1_championship_match_72580/infos;2024_2025;72580;Monaco;Rennes;5725
https://ligue1.com/fr/match-sheet/l1_championship_match_72581/infos;2024_2025;72581;Nantes;Lyon;32690
https://ligue1.com/fr/match-sheet/l1_championship_match_72582/infos;2024_2025;72582;Nice;Marseille;31017
https://ligue1.com/fr/match-sheet/l1_championship_match_72583/infos;2024_2025;72583;Paris SG;Reims;47862
https://ligue1.com/fr/match-sheet/l1_championship_match_72584/infos;2024_2025;72584;Strasbourg;Lille;19428
https://ligue1.com/fr/match-sheet/l1_championship_match_72585/infos;2024_2025;72585;Toulouse;Montpellier;28382
https://ligue1.com/fr/match-sheet/l1_championship_match_72586/infos;2024_2025;72586;Angers;Le Havre;11267
https://ligue1.com/fr/match-sheet/l1_championship_match_72587/infos;2024_2025;72587;Brest;Paris SG;15040
https://ligue1.com/fr/match-sheet/l1_championship_match_72588/infos;2024_2025;72588;Lille;Saint Etienne;38924
https://ligue1.com/fr/match-sheet/l1_championship_match_72589/infos;2024_2025;72589;Marseille;Lyon;66096
https://ligue1.com/fr/match-sheet/l1_championship_match_72590/infos;2024_2025;72590;Monaco;Auxerre;5336
https://ligue1.com/fr/match-sheet/l1_championship_match_72591/infos;2024_2025;72591;Montpellier;Lens;15330
https://ligue1.com/fr/match-sheet/l1_championship_match_72592/infos;2024_2025;72592;Reims;Nantes;12712
https://ligue1.com/fr/match-sheet/l1_championship_match_72593/infos;2024_2025;72593;Rennes;Strasbourg;26621
https://ligue1.com/fr/match-sheet/l1_championship_match_72594/infos;2024_2025;72594;Toulouse;Nice;23516
https://ligue1.com/fr/match-sheet/l1_championship_match_72595/infos;2024_2025;72595;Angers;Marseille;17325
https://ligue1.com/fr/match-sheet/l1_championship_match_72596/infos;2024_2025;72596;Auxerre;Toulouse;15801
https://ligue1.com/fr/match-sheet/l1_championship_match_72597/infos;2024_2025;72597;Lille;Le Havre;39515
https://ligue1.com/fr/match-sheet/l1_championship_match_72598/infos;2024_2025;72598;Lyon;Reims;43489
https://ligue1.com/fr/match-sheet/l1_championship_match_72599/infos;2024_2025;72599;Nantes;Brest;25050
https://ligue1.com/fr/match-sheet/l1_championship_match_72600/infos;2024_2025;72600;Nice;Lens;22586
https://ligue1.com/fr/match-sheet/l1_championship_match_72601/infos;2024_2025;72601;Paris SG;Monaco;47926
https://ligue1.com/fr/match-sheet/l1_championship_match_72602/infos;2024_2025;72602;Saint Etienne;Rennes;30385
https://ligue1.com/fr/match-sheet/l1_championship_match_72603/infos;2024_2025;72603;Strasbourg;Montpellier;19042
https://ligue1.com/fr/match-sheet/l1_championship_match_72604/infos;2024_2025;72604;Brest;Auxerre;14539
https://ligue1.com/fr/match-sheet/l1_championship_match_72605/infos;2024_2025;72605;Le Havre;Nice;17739
https://ligue1.com/fr/match-sheet/l1_championship_match_72606/infos;2024_2025;72606;Lens;Strasbourg;38113
https://ligue1.com/fr/match-sheet/l1_championship_match_72607/infos;2024_2025;72607;Marseille;Saint Etienne;66199
https://ligue1.com/fr/match-sheet/l1_championship_match_72608/infos;2024_2025;72608;Monaco;Nantes;6080
https://ligue1.com/fr/match-sheet/l1_championship_match_72609/infos;2024_2025;72609;Montpellier;Lyon;16573
https://ligue1.com/fr/match-sheet/l1_championship_match_72610/infos;2024_2025;72610;Reims;Angers;11868
https://ligue1.com/fr/match-sheet/l1_championship_match_72611/infos;2024_2025;72611;Rennes;Lille;27627
https://ligue1.com/fr/match-sheet/l1_championship_match_72612/infos;2024_2025;72612;Toulouse;Paris SG;31695
https://ligue1.com/fr/match-sheet/l1_championship_match_72613/infos;2024_2025;72613;Auxerre;Marseille;17183
https://ligue1.com/fr/match-sheet/l1_championship_match_72614/infos;2024_2025;72614;Le Havre;Toulouse;17239
https://ligue1.com/fr/match-sheet/l1_championship_match_72615/infos;2024_2025;72615;Lille;Monaco;44177
https://ligue1.com/fr/match-sheet/l1_championship_match_72616/infos;2024_2025;72616;Lyon;Paris SG;57777
https://ligue1.com/fr/match-sheet/l1_championship_match_72617/infos;2024_2025;72617;Nantes;Lens;28169
https://ligue1.com/fr/match-sheet/l1_championship_match_72618/infos;2024_2025;72618;Nice;Montpellier;18519
https://ligue1.com/fr/match-sheet/l1_championship_match_72619/infos;2024_2025;72619;Rennes;Reims;26818
https://ligue1.com/fr/match-sheet/l1_championship_match_72620/infos;2024_2025;72620;Saint Etienne;Angers;30566
https://ligue1.com/fr/match-sheet/l1_championship_match_72621/infos;2024_2025;72621;Strasbourg;Brest;19108
https://ligue1.com/fr/match-sheet/l1_championship_match_72622/infos;2024_2025;72622;Angers;Toulouse;12758
https://ligue1.com/fr/match-sheet/l1_championship_match_72623/infos;2024_2025;72623;Auxerre;Strasbourg;16495
https://ligue1.com/fr/match-sheet/l1_championship_match_72624/infos;2024_2025;72624;Lens;Le Havre;38167
https://ligue1.com/fr/match-sheet/l1_championship_match_72625/infos;2024_2025;72625;Lyon;Brest;47804
https://ligue1.com/fr/match-sheet/l1_championship_match_72626/infos;2024_2025;72626;Marseille;Nantes;61874
https://ligue1.com/fr/match-sheet/l1_championship_match_72627/infos;2024_2025;72627;Monaco;Reims;5517
https://ligue1.com/fr/match-sheet/l1_championship_match_72628/infos;2024_2025;72628;Montpellier;Rennes;11990
https://ligue1.com/fr/match-sheet/l1_championship_match_72629/infos;2024_2025;72629;Paris SG;Lille;47838
https://ligue1.com/fr/match-sheet/l1_championship_match_72630/infos;2024_2025;72630;Saint Etienne;Nice;30070
https://ligue1.com/fr/match-sheet/l1_championship_match_72631/infos;2024_2025;72631;Brest;Angers;14612
https://ligue1.com/fr/match-sheet/l1_championship_match_72632/infos;2024_2025;72632;Le Havre;Saint Etienne;22239
https://ligue1.com/fr/match-sheet/l1_championship_match_72633/infos;2024_2025;72633;Lille;Montpellier;42467
https://ligue1.com/fr/match-sheet/l1_championship_match_72634/infos;2024_2025;72634;Marseille;Lens;64942
https://ligue1.com/fr/match-sheet/l1_championship_match_72635/infos;2024_2025;72635;Nantes;Strasbourg;27645
https://ligue1.com/fr/match-sheet/l1_championship_match_72636/infos;2024_2025;72636;Nice;Lyon;23840
https://ligue1.com/fr/match-sheet/l1_championship_match_72637/infos;2024_2025;72637;Reims;Auxerre;15474
https://ligue1.com/fr/match-sheet/l1_championship_match_72638/infos;2024_2025;72638;Rennes;Paris SG;28550
https://ligue1.com/fr/match-sheet/l1_championship_match_72639/infos;2024_2025;72639;Toulouse;Monaco;25593
https://ligue1.com/fr/match-sheet/l1_championship_match_72640/infos;2024_2025;72640;Angers;Monaco;11116
https://ligue1.com/fr/match-sheet/l1_championship_match_72641/infos;2024_2025;72641;Brest;Reims;14517
https://ligue1.com/fr/match-sheet/l1_championship_match_72642/infos;2024_2025;72642;Lens;Rennes;38182
https://ligue1.com/fr/match-sheet/l1_championship_match_72643/infos;2024_2025;72643;Lyon;Le Havre;46492
https://ligue1.com/fr/match-sheet/l1_championship_match_72644/infos;2024_2025;72644;Montpellier;Saint Etienne;14358
https://ligue1.com/fr/match-sheet/l1_championship_match_72645/infos;2024_2025;72645;Nantes;Lille;28621
https://ligue1.com/fr/match-sheet/l1_championship_match_72646/infos;2024_2025;72646;Nice;Auxerre;18640
https://ligue1.com/fr/match-sheet/l1_championship_match_72647/infos;2024_2025;72647;Paris SG;Marseille;47926
https://ligue1.com/fr/match-sheet/l1_championship_match_72648/infos;2024_2025;72648;Strasbourg;Toulouse;19128
https://ligue1.com/fr/match-sheet/l1_championship_match_72649/infos;2024_2025;72649;Angers;Rennes;11700
https://ligue1.com/fr/match-sheet/l1_championship_match_72650/infos;2024_2025;72650;Auxerre;Montpellier;16558
https://ligue1.com/fr/match-sheet/l1_championship_match_72651/infos;2024_2025;72651;Le Havre;Nantes;20426
https://ligue1.com/fr/match-sheet/l1_championship_match_72652/infos;2024_2025;72652;Lille;Lens;48197
https://ligue1.com/fr/match-sheet/l1_championship_match_72653/infos;2024_2025;72653;Monaco;Nice;11564
https://ligue1.com/fr/match-sheet/l1_championship_match_72654/infos;2024_2025;72654;Reims;Marseille;20213
https://ligue1.com/fr/match-sheet/l1_championship_match_72655/infos;2024_2025;72655;Saint Etienne;Paris SG;37108
https://ligue1.com/fr/match-sheet/l1_championship_match_72656/infos;2024_2025;72656;Strasbourg;Lyon;19496
https://ligue1.com/fr/match-sheet/l1_championship_match_72657/infos;2024_2025;72657;Toulouse;Brest;24418
https://ligue1.com/fr/match-sheet/l1_championship_match_72658/infos;2024_2025;72658;Brest;Monaco;14713
https://ligue1.com/fr/match-sheet/l1_championship_match_72659/infos;2024_2025;72659;Lens;Saint Etienne;38223
https://ligue1.com/fr/match-sheet/l1_championship_match_72660/infos;2024_2025;72660;Lyon;Lille;53771
https://ligue1.com/fr/match-sheet/l1_championship_match_72661/infos;2024_2025;72661;Marseille;Toulouse;64320
https://ligue1.com/fr/match-sheet/l1_championship_match_72662/infos;2024_2025;72662;Montpellier;Le Havre;10146
https://ligue1.com/fr/match-sheet/l1_championship_match_72663/infos;2024_2025;72663;Nice;Nantes;20585
https://ligue1.com/fr/match-sheet/l1_championship_match_72664/infos;2024_2025;72664;Paris SG;Angers;47736
https://ligue1.com/fr/match-sheet/l1_championship_match_72665/infos;2024_2025;72665;Reims;Strasbourg;16254
https://ligue1.com/fr/match-sheet/l1_championship_match_72666/infos;2024_2025;72666;Rennes;Auxerre;28268
https://ligue1.com/fr/match-sheet/l1_championship_match_72667/infos;2024_2025;72667;Angers;Montpellier;12514
https://ligue1.com/fr/match-sheet/l1_championship_match_72668/infos;2024_2025;72668;Auxerre;Lyon;17511
https://ligue1.com/fr/match-sheet/l1_championship_match_72669/infos;2024_2025;72669;Le Havre;Rennes;21582
https://ligue1.com/fr/match-sheet/l1_championship_match_72670/infos;2024_2025;72670;Lens;Reims;38157
https://ligue1.com/fr/match-sheet/l1_championship_match_72671/infos;2024_2025;72671;Monaco;Marseille;13232
https://ligue1.com/fr/match-sheet/l1_championship_match_72672/infos;2024_2025;72672;Nantes;Paris SG;34420
https://ligue1.com/fr/match-sheet/l1_championship_match_72673/infos;2024_2025;72673;Saint Etienne;Brest;32834
https://ligue1.com/fr/match-sheet/l1_championship_match_72674/infos;2024_2025;72674;Strasbourg;Nice;19210
https://ligue1.com/fr/match-sheet/l1_championship_match_72675/infos;2024_2025;72675;Toulouse;Lille;25936
https://ligue1.com/fr/match-sheet/l1_championship_match_72676/infos;2024_2025;72676;Brest;Lens;15049
https://ligue1.com/fr/match-sheet/l1_championship_match_72677/infos;2024_2025;72677;Lille;Auxerre;45929
https://ligue1.com/fr/match-sheet/l1_championship_match_72678/infos;2024_2025;72678;Marseille;Montpellier;66312
https://ligue1.com/fr/match-sheet/l1_championship_match_72679/infos;2024_2025;72679;Monaco;Strasbourg;12825
https://ligue1.com/fr/match-sheet/l1_championship_match_72680/infos;2024_2025;72680;Nice;Angers;25088
https://ligue1.com/fr/match-sheet/l1_championship_match_72681/infos;2024_2025;72681;Paris SG;Le Havre;47113
https://ligue1.com/fr/match-sheet/l1_championship_match_72682/infos;2024_2025;72682;Reims;Toulouse;14908
https://ligue1.com/fr/match-sheet/l1_championship_match_72683/infos;2024_2025;72683;Rennes;Nantes;27880
https://ligue1.com/fr/match-sheet/l1_championship_match_72684/infos;2024_2025;72684;Saint Etienne;Lyon;40372
https://ligue1.com/fr/match-sheet/l1_championship_match_72685/infos;2024_2025;72685;Angers;Lille;12782
https://ligue1.com/fr/match-sheet/l1_championship_match_72686/infos;2024_2025;72686;Le Havre;Monaco;21340
https://ligue1.com/fr/match-sheet/l1_championship_match_72687/infos;2024_2025;72687;Lens;Auxerre;38193
https://ligue1.com/fr/match-sheet/l1_championship_match_72688/infos;2024_2025;72688;Lyon;Rennes;51034
https://ligue1.com/fr/match-sheet/l1_championship_match_72689/infos;2024_2025;72689;Marseille;Brest;62130
https://ligue1.com/fr/match-sheet/l1_championship_match_72690/infos;2024_2025;72690;Montpellier;Reims;10806
https://ligue1.com/fr/match-sheet/l1_championship_match_72691/infos;2024_2025;72691;Nantes;Toulouse;31618
https://ligue1.com/fr/match-sheet/l1_championship_match_72692/infos;2024_2025;72692;Paris SG;Nice;47597
https://ligue1.com/fr/match-sheet/l1_championship_match_72693/infos;2024_2025;72693;Strasbourg;Saint Etienne;19603
https://ligue1.com/fr/match-sheet/l1_championship_match_72694/infos;2024_2025;72694;Auxerre;Le Havre;17194
https://ligue1.com/fr/match-sheet/l1_championship_match_72695/infos;2024_2025;72695;Brest;Montpellier;13121
https://ligue1.com/fr/match-sheet/l1_championship_match_72696/infos;2024_2025;72696;Lille;Marseille;48284
https://ligue1.com/fr/match-sheet/l1_championship_match_72697/infos;2024_2025;72697;Lyon;Lens;52020
https://ligue1.com/fr/match-sheet/l1_championship_match_72698/infos;2024_2025;72698;Nantes;Angers;34556
https://ligue1.com/fr/match-sheet/l1_championship_match_72699/infos;2024_2025;72699;Nice;Reims;24758
https://ligue1.com/fr/match-sheet/l1_championship_match_72700/infos;2024_2025;72700;Saint Etienne;Monaco;37757
https://ligue1.com/fr/match-sheet/l1_championship_match_72701/infos;2024_2025;72701;Strasbourg;Paris SG;19522
https://ligue1.com/fr/match-sheet/l1_championship_match_72702/infos;2024_2025;72702;Toulouse;Rennes;23922
https://ligue1.com/fr/match-sheet/l1_championship_match_72703/infos;2024_2025;72703;Angers;Strasbourg;14391
https://ligue1.com/fr/match-sheet/l1_championship_match_72704/infos;2024_2025;72704;Auxerre;Nantes;17277
https://ligue1.com/fr/match-sheet/l1_championship_match_72705/infos;2024_2025;72705;Brest;Lille;14556
https://ligue1.com/fr/match-sheet/l1_championship_match_72706/infos;2024_2025;72706;Le Havre;Marseille;23831
https://ligue1.com/fr/match-sheet/l1_championship_match_72707/infos;2024_2025;72707;Monaco;Lyon;13578
https://ligue1.com/fr/match-sheet/l1_championship_match_72708/infos;2024_2025;72708;Montpellier;Paris SG;16787
https://ligue1.com/fr/match-sheet/l1_championship_match_72709/infos;2024_2025;72709;Reims;Saint Etienne;18630
https://ligue1.com/fr/match-sheet/l1_championship_match_72710/infos;2024_2025;72710;Rennes;Nice;26118
https://ligue1.com/fr/match-sheet/l1_championship_match_72711/infos;2024_2025;72711;Toulouse;Lens;27890
https://ligue1.com/fr/match-sheet/l1_championship_match_72712/infos;2024_2025;72712;Lens;Monaco;38160
https://ligue1.com/fr/match-sheet/l1_championship_match_72713/infos;2024_2025;72713;Lille;Reims;45599
https://ligue1.com/fr/match-sheet/l1_championship_match_72714/infos;2024_2025;72714;Lyon;Angers;56517
https://ligue1.com/fr/match-sheet/l1_championship_match_72715/infos;2024_2025;72715;Marseille;Rennes;57274
https://ligue1.com/fr/match-sheet/l1_championship_match_72716/infos;2024_2025;72716;Nantes;Montpellier;34780
https://ligue1.com/fr/match-sheet/l1_championship_match_72717/infos;2024_2025;72717;Nice;Brest;30298
https://ligue1.com/fr/match-sheet/l1_championship_match_72718/infos;2024_2025;72718;Paris SG;Auxerre;47926
https://ligue1.com/fr/match-sheet/l1_championship_match_72719/infos;2024_2025;72719;Saint Etienne;Toulouse;38725
https://ligue1.com/fr/match-sheet/l1_championship_match_72720/infos;2024_2025;72720;Strasbourg;Le Havre;19280
https://ligue1.com/fr/match-sheet/l1_championship_match_73117/infos;2025_2026;73117;Angers;Paris FC;12168
https://ligue1.com/fr/match-sheet/l1_championship_match_73118/infos;2025_2026;73118;Auxerre;Lorient;16090
https://ligue1.com/fr/match-sheet/l1_championship_match_73119/infos;2025_2026;73119;Brest;Lille;14840
https://ligue1.com/fr/match-sheet/l1_championship_match_73120/infos;2025_2026;73120;Lens;Lyon;38137
https://ligue1.com/fr/match-sheet/l1_championship_match_73121/infos;2025_2026;73121;Metz;Strasbourg;25009
https://ligue1.com/fr/match-sheet/l1_championship_match_73122/infos;2025_2026;73122;Monaco;Le Havre;11734
https://ligue1.com/fr/match-sheet/l1_championship_match_73123/infos;2025_2026;73123;Nantes;Paris SG;34053
https://ligue1.com/fr/match-sheet/l1_championship_match_73124/infos;2025_2026;73124;Nice;Toulouse;23212
https://ligue1.com/fr/match-sheet/l1_championship_match_73125/infos;2025_2026;73125;Rennes;Marseille;28360
https://ligue1.com/fr/match-sheet/l1_championship_match_73126/infos;2025_2026;73126;Le Havre;Lens;19375
https://ligue1.com/fr/match-sheet/l1_championship_match_73127/infos;2025_2026;73127;Lille;Monaco;43549
https://ligue1.com/fr/match-sheet/l1_championship_match_73128/infos;2025_2026;73128;Lorient;Rennes;12343
https://ligue1.com/fr/match-sheet/l1_championship_match_73129/infos;2025_2026;73129;Lyon;Metz;49853
https://ligue1.com/fr/match-sheet/l1_championship_match_73130/infos;2025_2026;73130;Marseille;Paris FC;64074
https://ligue1.com/fr/match-sheet/l1_championship_match_73131/infos;2025_2026;73131;Nice;Auxerre;22175
https://ligue1.com/fr/match-sheet/l1_championship_match_73132/infos;2025_2026;73132;Paris SG;Angers;47401
https://ligue1.com/fr/match-sheet/l1_championship_match_73133/infos;2025_2026;73133;Strasbourg;Nantes;22468
https://ligue1.com/fr/match-sheet/l1_championship_match_73134/infos;2025_2026;73134;Toulouse;Brest;23158
https://ligue1.com/fr/match-sheet/l1_championship_match_73135/infos;2025_2026;73135;Angers;Rennes;11512
https://ligue1.com/fr/match-sheet/l1_championship_match_73136/infos;2025_2026;73136;Le Havre;Nice;16513
https://ligue1.com/fr/match-sheet/l1_championship_match_73137/infos;2025_2026;73137;Lens;Brest;37232
https://ligue1.com/fr/match-sheet/l1_championship_match_73138/infos;2025_2026;73138;Lorient;Lille;15512
https://ligue1.com/fr/match-sheet/l1_championship_match_73139/infos;2025_2026;73139;Lyon;Marseille;52095
https://ligue1.com/fr/match-sheet/l1_championship_match_73140/infos;2025_2026;73140;Monaco;Strasbourg;8718
https://ligue1.com/fr/match-sheet/l1_championship_match_73141/infos;2025_2026;73141;Nantes;Auxerre;28784
https://ligue1.com/fr/match-sheet/l1_championship_match_73142/infos;2025_2026;73142;Paris FC;Metz;17345
https://ligue1.com/fr/match-sheet/l1_championship_match_73143/infos;2025_2026;73143;Toulouse;Paris SG;31515
https://ligue1.com/fr/match-sheet/l1_championship_match_73144/infos;2025_2026;73144;Auxerre;Monaco;16703
https://ligue1.com/fr/match-sheet/l1_championship_match_73145/infos;2025_2026;73145;Brest;Paris FC;14594
https://ligue1.com/fr/match-sheet/l1_championship_match_73146/infos;2025_2026;73146;Lille;Toulouse;42576
https://ligue1.com/fr/match-sheet/l1_championship_match_73147/infos;2025_2026;73147;Marseille;Lorient;64098
https://ligue1.com/fr/match-sheet/l1_championship_match_73148/infos;2025_2026;73148;Metz;Angers;21107
https://ligue1.com/fr/match-sheet/l1_championship_match_73149/infos;2025_2026;73149;Nice;Nantes;20096
https://ligue1.com/fr/match-sheet/l1_championship_match_73150/infos;2025_2026;73150;Paris SG;Lens;47642
https://ligue1.com/fr/match-sheet/l1_championship_match_73151/infos;2025_2026;73151;Rennes;Lyon;27392
https://ligue1.com/fr/match-sheet/l1_championship_match_73152/infos;2025_2026;73152;Strasbourg;Le Havre;22250
https://ligue1.com/fr/match-sheet/l1_championship_match_73153/infos;2025_2026;73153;Auxerre;Toulouse;15262
https://ligue1.com/fr/match-sheet/l1_championship_match_73154/infos;2025_2026;73154;Brest;Nice;14158
https://ligue1.com/fr/match-sheet/l1_championship_match_73155/infos;2025_2026;73155;Le Havre;Lorient;17483
https://ligue1.com/fr/match-sheet/l1_championship_match_73156/infos;2025_2026;73156;Lens;Lille;38223
https://ligue1.com/fr/match-sheet/l1_championship_match_73157/infos;2025_2026;73157;Lyon;Angers;44437
https://ligue1.com/fr/match-sheet/l1_championship_match_73158/infos;2025_2026;73158;Marseille;Paris SG;66190
https://ligue1.com/fr/match-sheet/l1_championship_match_73159/infos;2025_2026;73159;Monaco;Metz;6080
https://ligue1.com/fr/match-sheet/l1_championship_match_73160/infos;2025_2026;73160;Nantes;Rennes;31337
https://ligue1.com/fr/match-sheet/l1_championship_match_73161/infos;2025_2026;73161;Paris FC;Strasbourg;17912
https://ligue1.com/fr/match-sheet/l1_championship_match_73162/infos;2025_2026;73162;Angers;Brest;10210
https://ligue1.com/fr/match-sheet/l1_championship_match_73163/infos;2025_2026;73163;Lille;Lyon;45287
https://ligue1.com/fr/match-sheet/l1_championship_match_73164/infos;2025_2026;73164;Lorient;Monaco;15561
https://ligue1.com/fr/match-sheet/l1_championship_match_73165/infos;2025_2026;73165;Metz;Le Havre;19976
https://ligue1.com/fr/match-sheet/l1_championship_match_73166/infos;2025_2026;73166;Nice;Paris FC;20049
https://ligue1.com/fr/match-sheet/l1_championship_match_73167/infos;2025_2026;73167;Paris SG;Auxerre;47792
https://ligue1.com/fr/match-sheet/l1_championship_match_73168/infos;2025_2026;73168;Rennes;Lens;26414
https://ligue1.com/fr/match-sheet/l1_championship_match_73169/infos;2025_2026;73169;Strasbourg;Marseille;23262
https://ligue1.com/fr/match-sheet/l1_championship_match_73170/infos;2025_2026;73170;Toulouse;Nantes;22822
https://ligue1.com/fr/match-sheet/l1_championship_match_73171/infos;2025_2026;73171;Auxerre;Lens;17243
https://ligue1.com/fr/match-sheet/l1_championship_match_73172/infos;2025_2026;73172;Brest;Nantes;14941
https://ligue1.com/fr/match-sheet/l1_championship_match_73173/infos;2025_2026;73173;Le Havre;Rennes;17802
https://ligue1.com/fr/match-sheet/l1_championship_match_73174/infos;2025_2026;73174;Lille;Paris SG;47355
https://ligue1.com/fr/match-sheet/l1_championship_match_73175/infos;2025_2026;73175;Lyon;Toulouse;51414
https://ligue1.com/fr/match-sheet/l1_championship_match_73176/infos;2025_2026;73176;Metz;Marseille;28538
https://ligue1.com/fr/match-sheet/l1_championship_match_73177/infos;2025_2026;73177;Monaco;Nice;8306
https://ligue1.com/fr/match-sheet/l1_championship_match_73178/infos;2025_2026;73178;Paris FC;Lorient;18084
https://ligue1.com/fr/match-sheet/l1_championship_match_73179/infos;2025_2026;73179;Strasbourg;Angers;22171
https://ligue1.com/fr/match-sheet/l1_championship_match_73180/infos;2025_2026;73180;Angers;Monaco;13423
https://ligue1.com/fr/match-sheet/l1_championship_match_73181/infos;2025_2026;73181;Lens;Paris FC;33773
https://ligue1.com/fr/match-sheet/l1_championship_match_73182/infos;2025_2026;73182;Lorient;Brest;16607
https://ligue1.com/fr/match-sheet/l1_championship_match_73183/infos;2025_2026;73183;Marseille;Le Havre;64869
https://ligue1.com/fr/match-sheet/l1_championship_match_73184/infos;2025_2026;73184;Nantes;Lille;29845
https://ligue1.com/fr/match-sheet/l1_championship_match_73185/infos;2025_2026;73185;Nice;Lyon;24122
https://ligue1.com/fr/match-sheet/l1_championship_match_73186/infos;2025_2026;73186;Paris SG;Strasbourg;47754
https://ligue1.com/fr/match-sheet/l1_championship_match_73187/infos;2025_2026;73187;Rennes;Auxerre;27148
https://ligue1.com/fr/match-sheet/l1_championship_match_73188/infos;2025_2026;73188;Toulouse;Metz;26078
https://ligue1.com/fr/match-sheet/l1_championship_match_73189/infos;2025_2026;73189;Angers;Lorient;11682
https://ligue1.com/fr/match-sheet/l1_championship_match_73190/infos;2025_2026;73190;Auxerre;Le Havre;16729
https://ligue1.com/fr/match-sheet/l1_championship_match_73191/infos;2025_2026;73191;Brest;Paris SG;14978
https://ligue1.com/fr/match-sheet/l1_championship_match_73192/infos;2025_2026;73192;Lens;Marseille;38223
https://ligue1.com/fr/match-sheet/l1_championship_match_73193/infos;2025_2026;73193;Lille;Metz;42089
https://ligue1.com/fr/match-sheet/l1_championship_match_73194/infos;2025_2026;73194;Lyon;Strasbourg;49058
https://ligue1.com/fr/match-sheet/l1_championship_match_73195/infos;2025_2026;73195;Monaco;Toulouse;7086
https://ligue1.com/fr/match-sheet/l1_championship_match_73196/infos;2025_2026;73196;Paris FC;Nantes;17522
https://ligue1.com/fr/match-sheet/l1_championship_match_73197/infos;2025_2026;73197;Rennes;Nice;27658
https://ligue1.com/fr/match-sheet/l1_championship_match_73198/infos;2025_2026;73198;Le Havre;Brest;18484
https://ligue1.com/fr/match-sheet/l1_championship_match_73199/infos;2025_2026;73199;Lorient;Paris SG;16706
https://ligue1.com/fr/match-sheet/l1_championship_match_73200/infos;2025_2026;73200;Marseille;Angers;64599
https://ligue1.com/fr/match-sheet/l1_championship_match_73201/infos;2025_2026;73201;Metz;Lens;20618
https://ligue1.com/fr/match-sheet/l1_championship_match_73202/infos;2025_2026;73202;Nantes;Monaco;33653
https://ligue1.com/fr/match-sheet/l1_championship_match_73203/infos;2025_2026;73203;Nice;Lille;22441
https://ligue1.com/fr/match-sheet/l1_championship_match_73204/infos;2025_2026;73204;Paris FC;Lyon;18445
https://ligue1.com/fr/match-sheet/l1_championship_match_73205/infos;2025_2026;73205;Strasbourg;Auxerre;22667
https://ligue1.com/fr/match-sheet/l1_championship_match_73206/infos;2025_2026;73206;Toulouse;Rennes;25484
https://ligue1.com/fr/match-sheet/l1_championship_match_73207/infos;2025_2026;73207;Auxerre;Marseille;16529
https://ligue1.com/fr/match-sheet/l1_championship_match_73208/infos;2025_2026;73208;Brest;Lyon;14534
https://ligue1.com/fr/match-sheet/l1_championship_match_73209/infos;2025_2026;73209;Lens;Lorient;37373
https://ligue1.com/fr/match-sheet/l1_championship_match_73210/infos;2025_2026;73210;Lille;Angers;38802
https://ligue1.com/fr/match-sheet/l1_championship_match_73211/infos;2025_2026;73211;Monaco;Paris FC;10727
https://ligue1.com/fr/match-sheet/l1_championship_match_73212/infos;2025_2026;73212;Nantes;Metz;27150
https://ligue1.com/fr/match-sheet/l1_championship_match_73213/infos;2025_2026;73213;Paris SG;Nice;47629
https://ligue1.com/fr/match-sheet/l1_championship_match_73214/infos;2025_2026;73214;Rennes;Strasbourg;27658
https://ligue1.com/fr/match-sheet/l1_championship_match_73215/infos;2025_2026;73215;Toulouse;Le Havre;20643
https://ligue1.com/fr/match-sheet/l1_championship_match_73216/infos;2025_2026;73216;Angers;Auxerre;11428
https://ligue1.com/fr/match-sheet/l1_championship_match_73217/infos;2025_2026;73217;Le Havre;Nantes;19747
https://ligue1.com/fr/match-sheet/l1_championship_match_73218/infos;2025_2026;73218;Lorient;Toulouse;15562
https://ligue1.com/fr/match-sheet/l1_championship_match_73219/infos;2025_2026;73219;Lyon;Paris SG;58257
https://ligue1.com/fr/match-sheet/l1_championship_match_73220/infos;2025_2026;73220;Marseille;Brest;66279
https://ligue1.com/fr/match-sheet/l1_championship_match_73221/infos;2025_2026;73221;Metz;Nice;20683
https://ligue1.com/fr/match-sheet/l1_championship_match_73222/infos;2025_2026;73222;Monaco;Lens;9456
https://ligue1.com/fr/match-sheet/l1_championship_match_73223/infos;2025_2026;73223;Paris FC;Rennes;16587
https://ligue1.com/fr/match-sheet/l1_championship_match_73224/infos;2025_2026;73224;Strasbourg;Lille;29000
https://ligue1.com/fr/match-sheet/l1_championship_match_73225/infos;2025_2026;73225;Auxerre;Lyon;17359
https://ligue1.com/fr/match-sheet/l1_championship_match_73226/infos;2025_2026;73226;Brest;Metz;13938
https://ligue1.com/fr/match-sheet/l1_championship_match_73227/infos;2025_2026;73227;Lens;Strasbourg;38211
https://ligue1.com/fr/match-sheet/l1_championship_match_73228/infos;2025_2026;73228;Lille;Paris FC;39053
https://ligue1.com/fr/match-sheet/l1_championship_match_73229/infos;2025_2026;73229;Nantes;Lorient;25967
https://ligue1.com/fr/match-sheet/l1_championship_match_73230/infos;2025_2026;73230;Nice;Marseille;27089
https://ligue1.com/fr/match-sheet/l1_championship_match_73231/infos;2025_2026;73231;Paris SG;Le Havre;47694
https://ligue1.com/fr/match-sheet/l1_championship_match_73232/infos;2025_2026;73232;Rennes;Monaco;27681
https://ligue1.com/fr/match-sheet/l1_championship_match_73233/infos;2025_2026;73233;Toulouse;Angers;19009
https://ligue1.com/fr/match-sheet/l1_championship_match_73234/infos;2025_2026;73234;Angers;Lens;12979
https://ligue1.com/fr/match-sheet/l1_championship_match_73235/infos;2025_2026;73235;Le Havre;Lille;20689
https://ligue1.com/fr/match-sheet/l1_championship_match_73236/infos;2025_2026;73236;Lorient;Nice;15648
https://ligue1.com/fr/match-sheet/l1_championship_match_73237/infos;2025_2026;73237;Lyon;Nantes;46449
https://ligue1.com/fr/match-sheet/l1_championship_match_73238/infos;2025_2026;73238;Marseille;Toulouse;65163
https://ligue1.com/fr/match-sheet/l1_championship_match_73239/infos;2025_2026;73239;Metz;Rennes;20291
https://ligue1.com/fr/match-sheet/l1_championship_match_73240/infos;2025_2026;73240;Monaco;Paris SG;11546
https://ligue1.com/fr/match-sheet/l1_championship_match_73241/infos;2025_2026;73241;Paris FC;Auxerre;15007
https://ligue1.com/fr/match-sheet/l1_championship_match_73242/infos;2025_2026;73242;Strasbourg;Brest;30017
https://ligue1.com/fr/match-sheet/l1_championship_match_73243/infos;2025_2026;73243;Auxerre;Metz;15588
https://ligue1.com/fr/match-sheet/l1_championship_match_73244/infos;2025_2026;73244;Brest;Monaco;14522
https://ligue1.com/fr/match-sheet/l1_championship_match_73245/infos;2025_2026;73245;Le Havre;Paris FC;17460
https://ligue1.com/fr/match-sheet/l1_championship_match_73246/infos;2025_2026;73246;Lille;Marseille;48258
https://ligue1.com/fr/match-sheet/l1_championship_match_73247/infos;2025_2026;73247;Lorient;Lyon;16213
https://ligue1.com/fr/match-sheet/l1_championship_match_73248/infos;2025_2026;73248;Nantes;Lens;26654
https://ligue1.com/fr/match-sheet/l1_championship_match_73249/infos;2025_2026;73249;Nice;Angers;17630
https://ligue1.com/fr/match-sheet/l1_championship_match_73250/infos;2025_2026;73250;Paris SG;Rennes;47823
https://ligue1.com/fr/match-sheet/l1_championship_match_73251/infos;2025_2026;73251;Toulouse;Strasbourg;22031
https://ligue1.com/fr/match-sheet/l1_championship_match_73252/infos;2025_2026;73252;Angers;Nantes;14308
https://ligue1.com/fr/match-sheet/l1_championship_match_73253/infos;2025_2026;73253;Auxerre;Lille;16124
https://ligue1.com/fr/match-sheet/l1_championship_match_73254/infos;2025_2026;73254;Lens;Nice;37278
https://ligue1.com/fr/match-sheet/l1_championship_match_73255/infos;2025_2026;73255;Lyon;Le Havre;42168
https://ligue1.com/fr/match-sheet/l1_championship_match_73256/infos;2025_2026;73256;Marseille;Monaco;64509
https://ligue1.com/fr/match-sheet/l1_championship_match_73257/infos;2025_2026;73257;Metz;Paris SG;28500
https://ligue1.com/fr/match-sheet/l1_championship_match_73258/infos;2025_2026;73258;Paris FC;Toulouse;15822
https://ligue1.com/fr/match-sheet/l1_championship_match_73259/infos;2025_2026;73259;Rennes;Brest;27959
https://ligue1.com/fr/match-sheet/l1_championship_match_73260/infos;2025_2026;73260;Strasbourg;Lorient;29951
https://ligue1.com/fr/match-sheet/l1_championship_match_73261/infos;2025_2026;73261;Brest;Auxerre;13772
https://ligue1.com/fr/match-sheet/l1_championship_match_73262/infos;2025_2026;73262;Le Havre;Angers;16099
https://ligue1.com/fr/match-sheet/l1_championship_match_73263/infos;2025_2026;73263;Lille;Rennes;41527
https://ligue1.com/fr/match-sheet/l1_championship_match_73264/infos;2025_2026;73264;Lorient;Metz;12602
https://ligue1.com/fr/match-sheet/l1_championship_match_73265/infos;2025_2026;73265;Marseille;Nantes;64780
https://ligue1.com/fr/match-sheet/l1_championship_match_73266/infos;2025_2026;73266;Monaco;Lyon;11828
https://ligue1.com/fr/match-sheet/l1_championship_match_73267/infos;2025_2026;73267;Nice;Strasbourg;18365
https://ligue1.com/fr/match-sheet/l1_championship_match_73268/infos;2025_2026;73268;Paris SG;Paris FC;47892
https://ligue1.com/fr/match-sheet/l1_championship_match_73269/infos;2025_2026;73269;Toulouse;Lens;30266
https://ligue1.com/fr/match-sheet/l1_championship_match_73270/infos;2025_2026;73270;Angers;Marseille;15266
https://ligue1.com/fr/match-sheet/l1_championship_match_73271/infos;2025_2026;73271;Lens;Auxerre;38083
https://ligue1.com/fr/match-sheet/l1_championship_match_73272/infos;2025_2026;73272;Lyon;Brest;46046
https://ligue1.com/fr/match-sheet/l1_championship_match_73273/infos;2025_2026;73273;Monaco;Lorient;4810
https://ligue1.com/fr/match-sheet/l1_championship_match_73274/infos;2025_2026;73274;Nantes;Paris FC;24768
https://ligue1.com/fr/match-sheet/l1_championship_match_73275/infos;2025_2026;73275;Paris SG;Lille;46909
https://ligue1.com/fr/match-sheet/l1_championship_match_73276/infos;2025_2026;73276;Rennes;Le Havre;27650
https://ligue1.com/fr/match-sheet/l1_championship_match_73277/infos;2025_2026;73277;Strasbourg;Metz;30612
https://ligue1.com/fr/match-sheet/l1_championship_match_73278/infos;2025_2026;73278;Toulouse;Nice;25284
https://ligue1.com/fr/match-sheet/l1_championship_match_73279/infos;2025_2026;73279;Auxerre;Paris SG;17254
https://ligue1.com/fr/match-sheet/l1_championship_match_73280/infos;2025_2026;73280;Brest;Toulouse;13823
https://ligue1.com/fr/match-sheet/l1_championship_match_73281/infos;2025_2026;73281;Le Havre;Monaco;19033
https://ligue1.com/fr/match-sheet/l1_championship_match_73282/infos;2025_2026;73282;Lille;Strasbourg;38551
https://ligue1.com/fr/match-sheet/l1_championship_match_73283/infos;2025_2026;73283;Marseille;Lens;52673
https://ligue1.com/fr/match-sheet/l1_championship_match_73284/infos;2025_2026;73284;Metz;Lyon;28244
https://ligue1.com/fr/match-sheet/l1_championship_match_73285/infos;2025_2026;73285;Nantes;Nice;23112
https://ligue1.com/fr/match-sheet/l1_championship_match_73286/infos;2025_2026;73286;Paris FC;Angers;15003
https://ligue1.com/fr/match-sheet/l1_championship_match_73287/infos;2025_2026;73287;Rennes;Lorient;28659
https://ligue1.com/fr/match-sheet/l1_championship_match_73288/infos;2025_2026;73288;Angers;Metz;10336
https://ligue1.com/fr/match-sheet/l1_championship_match_73289/infos;2025_2026;73289;Lens;Le Havre;38158
https://ligue1.com/fr/match-sheet/l1_championship_match_73290/infos;2025_2026;73290;Lorient;Nantes;14237
https://ligue1.com/fr/match-sheet/l1_championship_match_73291/infos;2025_2026;73291;Lyon;Lille;56150
https://ligue1.com/fr/match-sheet/l1_championship_match_73292/infos;2025_2026;73292;Monaco;Rennes;5319
https://ligue1.com/fr/match-sheet/l1_championship_match_73293/infos;2025_2026;73293;Nice;Brest;18757
https://ligue1.com/fr/match-sheet/l1_championship_match_73294/infos;2025_2026;73294;Paris FC;Marseille;19209
https://ligue1.com/fr/match-sheet/l1_championship_match_73295/infos;2025_2026;73295;Strasbourg;Paris SG;31324
https://ligue1.com/fr/match-sheet/l1_championship_match_73296/infos;2025_2026;73296;Toulouse;Auxerre;23704
https://ligue1.com/fr/match-sheet/l1_championship_match_73297/infos;2025_2026;73297;Angers;Toulouse;11237
https://ligue1.com/fr/match-sheet/l1_championship_match_73298/infos;2025_2026;73298;Auxerre;Paris FC;15834
https://ligue1.com/fr/match-sheet/l1_championship_match_73299/infos;2025_2026;73299;Brest;Lorient;14944
https://ligue1.com/fr/match-sheet/l1_championship_match_73300/infos;2025_2026;73300;Le Havre;Strasbourg;18014
https://ligue1.com/fr/match-sheet/l1_championship_match_73301/infos;2025_2026;73301;Lens;Rennes;38174
https://ligue1.com/fr/match-sheet/l1_championship_match_73302/infos;2025_2026;73302;Metz;Lille;20378
https://ligue1.com/fr/match-sheet/l1_championship_match_73303/infos;2025_2026;73303;Nantes;Lyon;30849
https://ligue1.com/fr/match-sheet/l1_championship_match_73304/infos;2025_2026;73304;Nice;Monaco;24243
https://ligue1.com/fr/match-sheet/l1_championship_match_73305/infos;2025_2026;73305;Paris SG;Marseille;47926
https://ligue1.com/fr/match-sheet/l1_championship_match_73306/infos;2025_2026;73306;Le Havre;Toulouse;18345
https://ligue1.com/fr/match-sheet/l1_championship_match_73307/infos;2025_2026;73307;Lille;Brest;44145
https://ligue1.com/fr/match-sheet/l1_championship_match_73308/infos;2025_2026;73308;Lorient;Angers;13720
https://ligue1.com/fr/match-sheet/l1_championship_match_73309/infos;2025_2026;73309;Lyon;Nice;48618
https://ligue1.com/fr/match-sheet/l1_championship_match_73310/infos;2025_2026;73310;Marseille;Strasbourg;59238
https://ligue1.com/fr/match-sheet/l1_championship_match_73311/infos;2025_2026;73311;Metz;Auxerre;22931
https://ligue1.com/fr/match-sheet/l1_championship_match_73312/infos;2025_2026;73312;Monaco;Nantes;5237
https://ligue1.com/fr/match-sheet/l1_championship_match_73313/infos;2025_2026;73313;Paris FC;Lens;17536
https://ligue1.com/fr/match-sheet/l1_championship_match_73314/infos;2025_2026;73314;Rennes;Paris SG;28545
https://ligue1.com/fr/match-sheet/l1_championship_match_73315/infos;2025_2026;73315;Angers;Lille;N/A
https://ligue1.com/fr/match-sheet/l1_championship_match_73316/infos;2025_2026;73316;Auxerre;Rennes;15894
https://ligue1.com/fr/match-sheet/l1_championship_match_73317/infos;2025_2026;73317;Brest;Marseille;14482
https://ligue1.com/fr/match-sheet/l1_championship_match_73318/infos;2025_2026;73318;Lens;Monaco;37727
https://ligue1.com/fr/match-sheet/l1_championship_match_73319/infos;2025_2026;73319;Nantes;Le Havre;23341
https://ligue1.com/fr/match-sheet/l1_championship_match_73320/infos;2025_2026;73320;Nice;Lorient;18083
https://ligue1.com/fr/match-sheet/l1_championship_match_73321/infos;2025_2026;73321;Paris SG;Metz;46841
https://ligue1.com/fr/match-sheet/l1_championship_match_73322/infos;2025_2026;73322;Strasbourg;Lyon;29000
https://ligue1.com/fr/match-sheet/l1_championship_match_73323/infos;2025_2026;73323;Toulouse;Paris FC;23200
https://ligue1.com/fr/match-sheet/l1_championship_match_73324/infos;2025_2026;73324;Le Havre;Paris SG;23569
https://ligue1.com/fr/match-sheet/l1_championship_match_73325/infos;2025_2026;73325;Lille;Nantes;39161
https://ligue1.com/fr/match-sheet/l1_championship_match_73326/infos;2025_2026;73326;Lorient;Auxerre;16071
https://ligue1.com/fr/match-sheet/l1_championship_match_73327/infos;2025_2026;73327;Marseille;Lyon;66225
https://ligue1.com/fr/match-sheet/l1_championship_match_73328/infos;2025_2026;73328;Metz;Brest;19705
https://ligue1.com/fr/match-sheet/l1_championship_match_73329/infos;2025_2026;73329;Monaco;Angers;5186
https://ligue1.com/fr/match-sheet/l1_championship_match_73330/infos;2025_2026;73330;Paris FC;Nice;14879
https://ligue1.com/fr/match-sheet/l1_championship_match_73331/infos;2025_2026;73331;Rennes;Toulouse;28060
https://ligue1.com/fr/match-sheet/l1_championship_match_73332/infos;2025_2026;73332;Strasbourg;Lens;29000
https://ligue1.com/fr/match-sheet/l1_championship_match_73333/infos;2025_2026;73333;Auxerre;Strasbourg;16237
https://ligue1.com/fr/match-sheet/l1_championship_match_73334/infos;2025_2026;73334;Brest;Le Havre;14601
https://ligue1.com/fr/match-sheet/l1_championship_match_73335/infos;2025_2026;73335;Lens;Metz;37381
https://ligue1.com/fr/match-sheet/l1_championship_match_73336/infos;2025_2026;73336;Lille;Lorient;42082
https://ligue1.com/fr/match-sheet/l1_championship_match_73337/infos;2025_2026;73337;Lyon;Paris FC;42148
https://ligue1.com/fr/match-sheet/l1_championship_match_73338/infos;2025_2026;73338;Nantes;Angers;25042
https://ligue1.com/fr/match-sheet/l1_championship_match_73339/infos;2025_2026;73339;Nice;Rennes;21134
https://ligue1.com/fr/match-sheet/l1_championship_match_73340/infos;2025_2026;73340;Paris SG;Monaco;46806
https://ligue1.com/fr/match-sheet/l1_championship_match_73341/infos;2025_2026;73341;Toulouse;Marseille;31788
https://ligue1.com/fr/match-sheet/l1_championship_match_73342/infos;2025_2026;73342;Angers;Nice;12709
https://ligue1.com/fr/match-sheet/l1_championship_match_73343/infos;2025_2026;73343;Le Havre;Lyon;22264
https://ligue1.com/fr/match-sheet/l1_championship_match_73344/infos;2025_2026;73344;Lorient;Lens;15942
https://ligue1.com/fr/match-sheet/l1_championship_match_73345/infos;2025_2026;73345;Marseille;Auxerre;55766
https://ligue1.com/fr/match-sheet/l1_championship_match_73346/infos;2025_2026;73346;Metz;Toulouse;19760
https://ligue1.com/fr/match-sheet/l1_championship_match_73347/infos;2025_2026;73347;Monaco;Brest;5288
https://ligue1.com/fr/match-sheet/l1_championship_match_73348/infos;2025_2026;73348;Paris SG;Nantes;47388
https://ligue1.com/fr/match-sheet/l1_championship_match_73349/infos;2025_2026;73349;Rennes;Lille;28219
https://ligue1.com/fr/match-sheet/l1_championship_match_73350/infos;2025_2026;73350;Strasbourg;Paris FC;29865
https://ligue1.com/fr/match-sheet/l1_championship_match_73351/infos;2025_2026;73351;Auxerre;Brest;15336
https://ligue1.com/fr/match-sheet/l1_championship_match_73352/infos;2025_2026;73352;Lens;Angers;37303
https://ligue1.com/fr/match-sheet/l1_championship_match_73353/infos;2025_2026;73353;Lyon;Monaco;56039
https://ligue1.com/fr/match-sheet/l1_championship_match_73354/infos;2025_2026;73354;Marseille;Lille;59865
https://ligue1.com/fr/match-sheet/l1_championship_match_73355/infos;2025_2026;73355;Nantes;Strasbourg;21878
https://ligue1.com/fr/match-sheet/l1_championship_match_73356/infos;2025_2026;73356;Nice;Paris SG;28815
https://ligue1.com/fr/match-sheet/l1_championship_match_73357/infos;2025_2026;73357;Paris FC;Le Havre;15612
https://ligue1.com/fr/match-sheet/l1_championship_match_73358/infos;2025_2026;73358;Rennes;Metz;28206
https://ligue1.com/fr/match-sheet/l1_championship_match_73359/infos;2025_2026;73359;Toulouse;Lorient;23011
https://ligue1.com/fr/match-sheet/l1_championship_match_73360/infos;2025_2026;73360;Angers;Lyon;14674
https://ligue1.com/fr/match-sheet/l1_championship_match_73361/infos;2025_2026;73361;Brest;Rennes;15031
https://ligue1.com/fr/match-sheet/l1_championship_match_73362/infos;2025_2026;73362;Le Havre;Auxerre;21053
https://ligue1.com/fr/match-sheet/l1_championship_match_73363/infos;2025_2026;73363;Lille;Lens;48491
https://ligue1.com/fr/match-sheet/l1_championship_match_73364/infos;2025_2026;73364;Lorient;Paris FC;16211
https://ligue1.com/fr/match-sheet/l1_championship_match_73365/infos;2025_2026;73365;Metz;Nantes;20591
https://ligue1.com/fr/match-sheet/l1_championship_match_73366/infos;2025_2026;73366;Monaco;Marseille;10495
https://ligue1.com/fr/match-sheet/l1_championship_match_73367/infos;2025_2026;73367;Paris SG;Toulouse;47710
https://ligue1.com/fr/match-sheet/l1_championship_match_73368/infos;2025_2026;73368;Strasbourg;Nice;29000
https://ligue1.com/fr/match-sheet/l1_championship_match_73369/infos;2025_2026;73369;Auxerre;Nantes;17041
https://ligue1.com/fr/match-sheet/l1_championship_match_73370/infos;2025_2026;73370;Brest;Strasbourg;14539
https://ligue1.com/fr/match-sheet/l1_championship_match_73371/infos;2025_2026;73371;Lens;Paris SG;38139
https://ligue1.com/fr/match-sheet/l1_championship_match_73372/infos;2025_2026;73372;Lyon;Lorient;43551
https://ligue1.com/fr/match-sheet/l1_championship_match_73373/infos;2025_2026;73373;Marseille;Metz;63923
https://ligue1.com/fr/match-sheet/l1_championship_match_73374/infos;2025_2026;73374;Nice;Le Havre;19772
https://ligue1.com/fr/match-sheet/l1_championship_match_73375/infos;2025_2026;73375;Paris FC;Monaco;16520
https://ligue1.com/fr/match-sheet/l1_championship_match_73376/infos;2025_2026;73376;Rennes;Angers;26749
https://ligue1.com/fr/match-sheet/l1_championship_match_73377/infos;2025_2026;73377;Toulouse;Lille;24568
https://ligue1.com/fr/match-sheet/l1_championship_match_73378/infos;2025_2026;73378;Angers;Le Havre;12660
https://ligue1.com/fr/match-sheet/l1_championship_match_73379/infos;2025_2026;73379;Lens;Toulouse;37351
https://ligue1.com/fr/match-sheet/l1_championship_match_73380/infos;2025_2026;73380;Lille;Nice;40159
https://ligue1.com/fr/match-sheet/l1_championship_match_73381/infos;2025_2026;73381;Lorient;Marseille;16585
https://ligue1.com/fr/match-sheet/l1_championship_match_73382/infos;2025_2026;73382;Metz;Paris FC;19409
https://ligue1.com/fr/match-sheet/l1_championship_match_73383/infos;2025_2026;73383;Monaco;Auxerre;8473
https://ligue1.com/fr/match-sheet/l1_championship_match_73384/infos;2025_2026;73384;Nantes;Brest;24899
https://ligue1.com/fr/match-sheet/l1_championship_match_73385/infos;2025_2026;73385;Paris SG;Lyon;47926
https://ligue1.com/fr/match-sheet/l1_championship_match_73386/infos;2025_2026;73386;Strasbourg;Rennes;29000
https://ligue1.com/fr/match-sheet/l1_championship_match_73387/infos;2025_2026;73387;Angers;Paris SG;14977
https://ligue1.com/fr/match-sheet/l1_championship_match_73388/infos;2025_2026;73388;Brest;Lens;14550
https://ligue1.com/fr/match-sheet/l1_championship_match_73389/infos;2025_2026;73389;Le Havre;Metz;19162
https://ligue1.com/fr/match-sheet/l1_championship_match_73390/infos;2025_2026;73390;Lorient;Strasbourg;15674
https://ligue1.com/fr/match-sheet/l1_championship_match_73391/infos;2025_2026;73391;Lyon;Auxerre;51440
https://ligue1.com/fr/match-sheet/l1_championship_match_73392/infos;2025_2026;73392;Marseille;Nice;60021
https://ligue1.com/fr/match-sheet/l1_championship_match_73393/infos;2025_2026;73393;Paris FC;Lille;17243
https://ligue1.com/fr/match-sheet/l1_championship_match_73394/infos;2025_2026;73394;Rennes;Nantes;27576
https://ligue1.com/fr/match-sheet/l1_championship_match_73395/infos;2025_2026;73395;Toulouse;Monaco;24750
https://ligue1.com/fr/match-sheet/l1_championship_match_73396/infos;2025_2026;73396;Auxerre;Angers;15745
https://ligue1.com/fr/match-sheet/l1_championship_match_73397/infos;2025_2026;73397;Lille;Le Havre;44378
https://ligue1.com/fr/match-sheet/l1_championship_match_73398/infos;2025_2026;73398;Lyon;Rennes;51460
https://ligue1.com/fr/match-sheet/l1_championship_match_73399/infos;2025_2026;73399;Metz;Monaco;24083
https://ligue1.com/fr/match-sheet/l1_championship_match_73400/infos;2025_2026;73400;Nantes;Marseille;28308
https://ligue1.com/fr/match-sheet/l1_championship_match_73401/infos;2025_2026;73401;Nice;Lens;26514
https://ligue1.com/fr/match-sheet/l1_championship_match_73402/infos;2025_2026;73402;Paris FC;Brest;15318
https://ligue1.com/fr/match-sheet/l1_championship_match_73403/infos;2025_2026;73403;Paris SG;Lorient;47926
https://ligue1.com/fr/match-sheet/l1_championship_match_73404/infos;2025_2026;73404;Strasbourg;Toulouse;29000
https://ligue1.com/fr/match-sheet/l1_championship_match_73405/infos;2025_2026;73405;Angers;Strasbourg;10015
https://ligue1.com/fr/match-sheet/l1_championship_match_73406/infos;2025_2026;73406;Auxerre;Nice;16052
https://ligue1.com/fr/match-sheet/l1_championship_match_73407/infos;2025_2026;73407;Le Havre;Marseille;22201
https://ligue1.com/fr/match-sheet/l1_championship_match_73408/infos;2025_2026;73408;Lens;Nantes;37824
https://ligue1.com/fr/match-sheet/l1_championship_match_73409/infos;2025_2026;73409;Metz;Lorient;18111
https://ligue1.com/fr/match-sheet/l1_championship_match_73410/infos;2025_2026;73410;Monaco;Lille;8314
https://ligue1.com/fr/match-sheet/l1_championship_match_73411/infos;2025_2026;73411;Paris SG;Brest;47752
https://ligue1.com/fr/match-sheet/l1_championship_match_73412/infos;2025_2026;73412;Rennes;Paris FC;28074
https://ligue1.com/fr/match-sheet/l1_championship_match_73413/infos;2025_2026;73413;Toulouse;Lyon;26683
https://ligue1.com/fr/match-sheet/l1_championship_match_73414/infos;2025_2026;73414;Brest;Angers;12742
https://ligue1.com/fr/match-sheet/l1_championship_match_73415/infos;2025_2026;73415;Lille;Auxerre;47097
https://ligue1.com/fr/match-sheet/l1_championship_match_73416/infos;2025_2026;73416;Lorient;Le Havre;16296
https://ligue1.com/fr/match-sheet/l1_championship_match_73417/infos;2025_2026;73417;Lyon;Lens;58227
https://ligue1.com/fr/match-sheet/l1_championship_match_73418/infos;2025_2026;73418;Marseille;Rennes;62124
https://ligue1.com/fr/match-sheet/l1_championship_match_73419/infos;2025_2026;73419;Nantes;Toulouse;21221
https://ligue1.com/fr/match-sheet/l1_championship_match_73420/infos;2025_2026;73420;Nice;Metz;22829
https://ligue1.com/fr/match-sheet/l1_championship_match_73421/infos;2025_2026;73421;Paris FC;Paris SG;19237
https://ligue1.com/fr/match-sheet/l1_championship_match_73422/infos;2025_2026;73422;Strasbourg;Monaco;30321
